r_0079,5'-phosphoribosylformyl glycinamidine synthetase,5'-phosphoribosyl-N-formylglycineamide[c] + ATP[c] + H2O[c] + L-glutamine[c] => 5'-phosphoribosyl-N-formylglycineamidine[c] + ADP[c] + H+[c] + L-glutamate[c] + phosphate[c],-0.000536864683278011
r_0090,6-phosphofructo-2-kinase,"ATP[c] + D-fructose 6-phosphate[c] => ADP[c] + beta-D-fructose 2,6-bisphosphate[c] + H+[c]",-0.00154853519219934
r_0109,"acetyl-CoA carboxylase, reaction",acetyl-CoA[c] + ATP[c] + bicarbonate[c] => ADP[c] + H+[c] + malonyl-CoA[c] + phosphate[c],-0.204938020099636
r_0112,acetyl-CoA synthetase,acetate[c] + ATP[c] + coenzyme A[c] => acetyl-CoA[c] + AMP[c] + diphosphate[c],-0.240355377964007
r_0113,acetyl-CoA synthetase,acetate[m] + ATP[m] + coenzyme A[m] => acetyl-CoA[m] + AMP[m] + diphosphate[m],-0.00204823842178126
r_0115,acetylglutamate kinase,ATP[m] + N-acetyl-L-glutamate[m] => ADP[m] + N-acetyl-L-gamma-glutamyl phosphate[m],-0.0108285275801107
r_0142,adenosine kinase,adenosine[c] + ATP[c] => ADP[c] + AMP[c] + H+[c],-0.0013329645392879
r_0147,adenylate cyclase,"ATP[c] => 3',5'-cyclic AMP[c] + diphosphate[c]",-0.000464725213622064
r_0148,adenylate kinase,AMP[c] + ATP[c] => 2 ADP[c],-0.420428694564758
r_0149,adenylate kinase,AMP[m] + ATP[m] => 2 ADP[m],-0.00142583858681158
r_0154,adenylyl-sulfate kinase,5'-adenylyl sulfate[c] + ATP[c] => 3'-phospho-5'-adenylyl sulfate[c] + ADP[c] + H+[c],-0.0086157925151621
r_0157,alanyl-tRNA synthetase,ATP[c] + L-alanine[c] + tRNA(Ala)[c] => Ala-tRNA(Ala)[c] + AMP[c] + diphosphate[c],-0.00774111470791088
r_0208,argininosuccinate synthase,ATP[c] + L-aspartate[c] + L-citrulline[c] <=> (N(omega)-L-arginino)succinic acid[c] + AMP[c] + diphosphate[c] + H+[c],-0.00807836099814013
r_0209,arginyl-tRNA synthetase,ATP[c] + L-arginine[c] + tRNA(Arg)[c] => AMP[c] + Arg-tRNA(Arg)[c] + diphosphate[c],-0.00743665429403006
r_0211,asparagine synthase (glutamine-hydrolysing),ATP[c] + H2O[c] + L-aspartate[c] + L-glutamine[c] => AMP[c] + diphosphate[c] + H+[c] + L-asparagine[c] + L-glutamate[c],-0.00654917951228562
r_0212,Asparaginyl-tRNA synthetase,ATP[c] + L-asparagine[c] + tRNA(Asn)[c] => AMP[c] + Asn-tRNA(Asn)[c] + diphosphate[c],-0.0061770756409342
r_0215,aspartate kinase,ATP[c] + L-aspartate[c] => 4-phospho-L-aspartate[c] + ADP[c],-0.0198092866171557
r_0220,Aspartyl-tRNA synthetase,ATP[c] + L-aspartate[c] + tRNA(Asp)[c] => AMP[c] + Asp-tRNA(Asp)[c] + diphosphate[c],-0.00722225792754484
r_0225,ATP phosphoribosyltransferase,ATP[c] + PRPP[c] => 5-phosphoribosyl-ATP[c] + diphosphate[c],-0.00546015733030797
r_0226,ATP synthase,ADP[m] + 3 H+[c] + phosphate[m] => ATP[m] + 2 H+[m] + H2O[m],7.55033392145793
r_0227,"ATPase, cytosolic",ATP[c] + H2O[c] => ADP[c] + H+[e] + phosphate[c],-0.000578432184941005
r_0250,carbamoyl-phosphate synthase (glutamine-hydrolysing),2 ATP[c] + bicarbonate[c] + H2O[c] + L-glutamine[c] => 2 ADP[c] + carbamoyl phosphate[c] + 2 H+[c] + L-glutamate[c] + phosphate[c],-0.017122591448789
r_0273,choline kinase,ATP[c] + choline[c] => ADP[c] + choline phosphate[c] + H+[c],-0.00181943866155963
r_0306,CTP synthase (glutamine),ATP[c] + H2O[c] + L-glutamine[c] + UTP[c] => ADP[c] + CTP[c] + 2 H+[c] + L-glutamate[c] + phosphate[c],-4.43809039634396e-06
r_0307,CTP synthase (NH3),ammonium[c] + ATP[c] + UTP[c] => ADP[c] + CTP[c] + 2 H+[c] + phosphate[c],-0.000310230635112408
r_0313,cysteinyl-tRNA synthetase,ATP[c] + L-cysteine[c] + tRNA(Cys)[c] => AMP[c] + Cys-tRNA(Cys)[c] + diphosphate[c],-0.00281759880568968
r_0330,deoxyguanylate kinase (dGMP:ATP),ATP[c] + dGMP[c] <=> ADP[c] + dGDP[c],-0.000494332184447465
r_0354,dihydroxyacetone kinase,ATP[c] + glycerone[c] => ADP[c] + dihydroxyacetone phosphate[c] + H+[c],-0.0186340043574653
r_0363,dTMP kinase,ATP[c] + dTMP[c] => ADP[c] + dTDP[c],-0.000796706093308438
r_0446,formate-tetrahydrofolate ligase,ATP[c] + formate[c] + THF[c] => 10-formyl-THF[c] + ADP[c] + phosphate[c],-2.15598962623889e-05
r_0447,formate-tetrahydrofolate ligase,ATP[m] + formate[m] + THF[m] <=> 10-formyl-THF[m] + ADP[m] + phosphate[m],0.00239210510046414
r_0460,gamma-glutamylcysteine synthetase,ATP[c] + L-cysteine[c] + L-glutamate[c] => ADP[c] + H+[c] + L-gamma-glutamyl-L-cysteine[c] + phosphate[c],-0.000627517934735113
r_0468,glutamate 5-kinase,ATP[c] + L-glutamate[c] => ADP[c] + L-gamma-glutamyl phosphate[c],-0.00399674686488853
r_0476,glutamine synthetase,ammonium[c] + ATP[c] + L-glutamate[c] => ADP[c] + H+[c] + L-glutamine[c] + phosphate[c],-0.120784588146215
r_0478,glutaminyl-tRNA synthetase,ATP[c] + L-glutamine[c] + tRNA(Gln)[c] => AMP[c] + diphosphate[c] + Gln-tRNA(Gln)[c],-0.00665068072919277
r_0479,glutamyl-tRNA synthetase,ATP[c] + L-glutamate[c] + tRNA(Glu)[c] => AMP[c] + diphosphate[c] + Glu-tRNA(Glu)[c],-0.00718579297177055
r_0485,glutathione synthetase,ATP[c] + L-gamma-glutamyl-L-cysteine[c] + L-glycine[c] => ADP[c] + glutathione[c] + H+[c] + phosphate[c],-0.000627517934735113
r_0488,glycerol kinase,ATP[c] + glycerol[c] => ADP[c] + glycerol 3-phosphate[c] + H+[c],-0.000513895167061969
r_0512,glycyl-tRNA synthetase,ATP[c] + L-glycine[c] + tRNA(Gly)[c] => AMP[c] + diphosphate[c] + Gly-tRNA(Gly)[c],-0.00757768141214745
r_0514,GMP synthase,ATP[c] + H2O[c] + L-glutamine[c] + xanthosine-5-phosphate[c] => AMP[c] + diphosphate[c] + GMP[c] + 2 H+[c] + L-glutamate[c],-0.000268285420404784
r_0528,guanylate kinase,ATP[c] + GMP[c] => ADP[c] + GDP[c],-0.0207140329707833
r_0534,hexokinase (D-glucose:ATP),ATP[c] + D-glucose[c] => ADP[c] + D-glucose 6-phosphate[c] + H+[c],-0.00238617467093602
r_0539,histidyl-tRNA synthetase,ATP[c] + L-histidine[c] + tRNA(His)[c] => AMP[c] + diphosphate[c] + His-tRNA(His)[c],-0.0053748466138827
r_0548,homoserine kinase,ATP[c] + L-homoserine[c] => ADP[c] + H+[c] + O-phospho-L-homoserine[c],-0.0116493019204805
r_0665,isoleucyl-tRNA synthetase,ATP[c] + L-isoleucine[c] + tRNA(Ile)[c] => AMP[c] + diphosphate[c] + Ile-tRNA(Ile)[c],-0.00689978470418603
r_0668,itaconate-CoA ligase (ADP-forming),ATP[m] + coenzyme A[m] + itaconate[m] <=> ADP[m] + itaconyl-CoA[m] + phosphate[m],2.1316282072803e-18
r_0678,L-aminoadipate-semialdehyde dehydrogenase (NADPH),ATP[c] + H+[c] + L-2-aminoadipate[c] + NADPH[c] => AMP[c] + diphosphate[c] + L-allysine[c] + NADP(+)[c],-0.00678753189844777
r_0701,leucyl-tRNA synthetase,ATP[c] + L-leucine[c] + tRNA(Leu)[c] => AMP[c] + diphosphate[c] + Leu-tRNA(Leu)[c],-0.00764402127145161
r_0711,lysyl-tRNA synthetase,ATP[c] + L-lysine[c] + tRNA(Lys)[c] => AMP[c] + diphosphate[c] + Lys-tRNA(Lys)[c],-0.00676227228060051
r_0726,methionine adenosyltransferase,ATP[c] + H2O[c] + L-methionine[c] => diphosphate[c] + phosphate[c] + S-adenosyl-L-methionine[c],-0.0013329645392879
r_0729,methionyl-tRNA synthetase,ATP[c] + L-methionine[c] + tRNA(Met)[c] => AMP[c] + diphosphate[c] + Met-tRNA(Met)[c],-0.00527775317742009
r_0735,mevalonate kinase (atp),(R)-mevalonate[c] + ATP[c] => (R)-5-phosphomevalonic acid[c] + ADP[c] + H+[c],-0.0031899648436296
r_0739,mevalonate pyrophoshate decarboxylase,(R)-5-diphosphomevalonic acid[c] + ATP[c] => ADP[c] + carbon dioxide[c] + isopentenyl diphosphate[c] + phosphate[c],-0.00324541686876405
r_0769,NAD synthase,ATP[n] + deamido-NAD(+)[n] + H2O[n] + L-glutamine[n] <=> AMP[n] + diphosphate[n] + H+[n] + L-glutamate[n] + NAD[n],4.94500829173461e-14
r_0772,NADH kinase mitochondrial,ATP[m] + NADH[m] => ADP[m] + H+[m] + NADPH[m],1.7617018954752e-16
r_0784,nicotinamide-nucleotide adenylyltransferase,ATP[n] + H+[n] + NMN[n] => diphosphate[n] + NAD[n],-4.94500829173461e-14
r_0795,nucleoside diphosphate kinase,ATP[c] + CDP[c] => ADP[c] + CTP[c],-0.0168728255646086
r_0796,nucleoside diphosphate kinase,ATP[c] + dADP[c] => ADP[c] + dATP[c],-0.0458392146953187
r_0797,nucleoside diphosphate kinase,ATP[c] + dCDP[c] => ADP[c] + dCTP[c],-0.0616978622937175
r_0798,nucleoside diphosphate kinase,ATP[c] + dGDP[c] => ADP[c] + dGTP[c],-0.0391498558688696
r_0799,nucleoside diphosphate kinase,ATP[c] + dTDP[c] => ADP[c] + dTTP[c],-0.0397698675227763
r_0800,nucleoside diphosphate kinase,ATP[c] + GDP[c] => ADP[c] + GTP[c],-0.0245822340955087
r_0801,nucleoside diphosphate kinase,ATP[c] + IDP[c] => ADP[c] + ITP[c],-0.0491689196470471
r_0803,nucleoside diphosphate kinase,ATP[c] + dUDP[c] <=> ADP[c] + dUTP[c],0.00786431509077147
r_0811,nucleoside-diphosphate kinase (ATP:UDP),ATP[c] + UDP[c] => ADP[c] + UTP[c],-0.102894121446121
r_0842,pantothenate kinase,(R)-pantothenate[c] + ATP[c] => (R)-4'-phosphopantothenic acid[c] + ADP[c] + H+[c],-2.33724825399333e-06
r_0843,pantothenate synthase,(R)-pantoate[c] + ATP[c] + beta-alanine[c] => (R)-pantothenate[c] + AMP[c] + diphosphate[c] + H+[c],-1.81369483764391e-05
r_0852,phenylalanyl-tRNA synthetase,ATP[c] + L-phenylalanine[c] + tRNA(Phe)[c] => AMP[c] + diphosphate[c] + Phe-tRNA(Phe)[c],-0.00622672070120403
r_0855,phopshoribosylaminoimidazole synthetase,5'-phosphoribosyl-N-formylglycineamidine[c] + ATP[c] => 5'-phosphoribosyl-5-aminoimidazole[c] + ADP[c] + 2 H+[c] + phosphate[c],-0.000536864683278011
r_0884,phosphoenolpyruvate carboxykinase,ATP[c] + oxaloacetate[c] => ADP[c] + carbon dioxide[c] + phosphoenolpyruvate[c],-0.000593767037652683
r_0886,phosphofructokinase,"ATP[c] + D-fructose 6-phosphate[c] => ADP[c] + D-fructose 1,6-bisphosphate[c] + H+[c]",-0.269561526060853
r_0887,phosphofructokinase (s7p),"ATP[c] + sedoheptulose 7-phosphate[c] => ADP[c] + H+[c] + sedoheptulose 1,7-bisphosphate[c]",-0.11688606597344
r_0892,phosphoglycerate kinase,"1,3-bisphospho-D-glycerate[c] + ADP[c] <=> 3-phosphonato-D-glycerate(3-)[c] + ATP[c]",0.980501581651099
r_0904,phosphomevalonate kinase,(R)-5-phosphomevalonic acid[c] + ATP[c] => (R)-5-diphosphomevalonic acid[c] + ADP[c],-0.00324541686876405
r_0908,phosphoribosyl amino imidazolesuccinocarbozamide synthetase,ATP[c] + L-aspartate[c] + phosphoribosyl-carboxy-aminoimidazole[c] => 5'-phosphoribosyl-4-(N-succinocarboxamide)-5-aminoimidazole[c] + ADP[c] + H+[c] + phosphate[c],-0.000536864683278011
r_0911,phosphoribosylaminoimidazole-carboxylase,5'-phosphoribosyl-5-aminoimidazole[c] + ATP[c] + carbon dioxide[c] + H2O[c] => ADP[c] + H+[c] + phosphate[c] + phosphoribosyl-carboxy-aminoimidazole[c],-0.000536864683278011
r_0914,phosphoribosylglycinamidine synthetase,5-phosphoribosylamine[c] + ATP[c] + L-glycine[c] => 5-phospho-ribosyl-glycineamide[c] + ADP[c] + H+[c] + phosphate[c],-0.000536864683278011
r_0916,phosphoribosylpyrophosphate synthetase,ATP[c] + ribose-5-phosphate[c] => AMP[c] + H+[c] + PRPP[c],-0.0104901090523721
r_0941,prolyl-tRNA synthetase,ATP[c] + L-proline[c] + tRNA(Pro)[c] => AMP[c] + diphosphate[c] + H+[c] + Pro-tRNA(Pro)[c],-0.00727409967190026
r_0958,pyruvate carboxylase,ATP[c] + bicarbonate[c] + pyruvate[c] => ADP[c] + H+[c] + oxaloacetate[c] + phosphate[c],-0.624799298770208
r_0962,pyruvate kinase,ADP[c] + H+[c] + phosphoenolpyruvate[c] => ATP[c] + pyruvate[c],0.930596439543189
r_0964,reduced glutathione via ABC system,ATP[c] + glutathione[c] + H2O[c] => ADP[c] + glutathione[v] + H+[c] + phosphate[c],-0.00110425711633685
r_0995,seryl-tRNA synthetase,ATP[c] + L-serine[c] + tRNA(Ser)[c] => AMP[c] + diphosphate[c] + Ser-tRNA(Ser)[c],-0.00761063167338969
r_0997,shikimate kinase,ATP[c] + shikimate[c] => 3-phosphoshikimic acid[c] + ADP[c] + H+[c],-0.0157615453502276
r_1022,succinate-CoA ligase (ADP-forming),ADP[m] + phosphate[m] + succinyl-CoA[m] => ATP[m] + coenzyme A[m] + succinate[m],0.492332261328093
r_1025,sulfate adenylyltransferase,ATP[c] + H+[c] + sulphate[c] => 5'-adenylyl sulfate[c] + diphosphate[c],-3.52725651615149e-05
r_1031,tetrahydrofolate:L-glutamate gamma-ligase (ADP-forming),"ATP[c] + L-glutamate[c] + THF[c] <=> 5,6,7,8-tetrahydrofolyl-L-glutamic acid[c] + ADP[c] + H+[c] + phosphate[c]",9.89010751400139e-18
r_1042,threonyl-tRNA synthetase,ATP[c] + L-threonine[c] + tRNA(Thr)[c] => AMP[c] + diphosphate[c] + Thr-tRNA(Thr)[c],-0.00736372438248249
r_1057,tryptophanyl-tRNA synthetase,ATP[c] + L-tryptophan[c] + tRNA(Trp)[c] => AMP[c] + diphosphate[c] + Trp-tRNA(Trp)[c],-0.00394700196003903
r_1066,tyrosyl-tRNA synthetase,ATP[c] + L-tyrosine[c] + tRNA(Tyr)[c] => AMP[c] + diphosphate[c] + Tyr-tRNA(Tyr)[c],-0.00543547509456816
r_1072,UMP kinase,ATP[c] + UMP[c] => ADP[c] + UDP[c],-0.00135319919331127
r_1075,urea carboxylase,ATP[c] + bicarbonate[c] + urea[c] => ADP[c] + H+[c] + phosphate[c] + urea-1-carboxylic acid[c],-0.000295031555592884
r_1077,uridine kinase (ATP:uridine),ATP[c] + uridine[c] => ADP[c] + H+[c] + UMP[c],-0.00597796618408722
r_1079,uridylate kinase (dUMP),ATP[c] + dUMP[c] => ADP[c] + dUDP[c],-0.000485573001841431
r_1080,uridylate kinase (dUMP),ATP[n] + dUMP[n] => ADP[n] + dUDP[n],-0.00019916793357079
r_1085,"V-ATPase, Golgi",ATP[c] + H+[c] + H2O[c] => ADP[c] + 2 H+[g] + phosphate[c],-0.000330692110518015
r_1086,"V-ATPase, vacuole",ATP[c] + H+[c] + H2O[c] => ADP[c] + 2 H+[v] + phosphate[c],-0.00640976740698351
r_1089,valyl-tRNA synthetase,ATP[c] + L-valine[c] + tRNA(Val)[c] => AMP[c] + diphosphate[c] + Val-tRNA(Val)[c],-0.00746389317665823
r_1094,xylulokinase,ATP[c] + D-xylulose[c] => ADP[c] + D-xylulose 5-phosphate[c] + H+[c],-0.686895433672589
r_1703,cytidylate kinase (CMP),ATP[c] + CMP[c] => ADP[c] + CDP[c],-0.0070431428796094
r_1704,cytidylate kinase (dCMP),ATP[c] + dCMP[c] <=> ADP[c] + dCDP[c],-5.181161229755e-05
r_1729,deoxyadenylate kinase,ATP[c] + dAMP[c] <=> ADP[c] + dADP[c],-7.898252029945e-05
r_2025,pyridoxal kinase,ATP[c] + pyridoxal[c] => ADP[c] + H+[c] + pyridoxal 5'-phosphate[c],-1.33423052254229e-14
r_2221,fatty acyl-CoA transport via ABC system (C16:0),ATP[c] + H2O[c] + palmitoyl-CoA[c] => ADP[c] + H+[c] + palmitoyl-CoA[p] + phosphate[c],-2.23394865671226e-05
r_2223,fatty acyl-CoA transport via ABC system (C18:0),ATP[c] + H2O[c] + stearoyl-CoA[c] => ADP[c] + H+[c] + phosphate[c] + stearoyl-CoA[p],-1.43508636748583e-05
r_2224,fatty acyl-CoA transport via ABC system (C18:1),ATP[c] + H2O[c] + oleoyl-CoA[c] => ADP[c] + H+[c] + oleoyl-CoA[p] + phosphate[c],-1.30364222081684e-05
r_2227,fatty acyl-CoA transport via ABC system (C24:0),ATP[c] + H2O[c] + tetracosanoyl-CoA[c] => ADP[c] + H+[c] + phosphate[c] + tetracosanoyl-CoA[p],-4.94500829044796e-14
r_2824,"phosphatidylinositol 4-kinase (1-16:0, 2-18:1), cell envelope","ATP[ce] + 1-phosphatidyl-1D-myo-inositol (1-16:0, 2-18:1)[ce] => H+[ce] + ADP[ce] + 1-phosphatidyl-1D-myo-inositol 4-phosphate (1-16:0, 2-18:1)[ce]",-0.00116223719810172
r_2826,"phosphatidylinositol 4-kinase (1-18:0, 2-18:1), cell envelope","ATP[ce] + 1-phosphatidyl-1D-myo-inositol (1-18:0, 2-18:1)[ce] => H+[ce] + ADP[ce] + 1-phosphatidyl-1D-myo-inositol 4-phosphate (1-18:0, 2-18:1)[ce]",-0.00132775759141346
r_2840,"phosphatidylinositol 4-kinase (1-16:0, 2-18:1), Golgi membrane","ATP[gm] + 1-phosphatidyl-1D-myo-inositol (1-16:0, 2-18:1)[gm] => H+[gm] + ADP[gm] + 1-phosphatidyl-1D-myo-inositol 4-phosphate (1-16:0, 2-18:1)[gm]",-0.00138214110347342
r_2842,"phosphatidylinositol 4-kinase (1-18:0, 2-18:1), Golgi membrane","ATP[gm] + 1-phosphatidyl-1D-myo-inositol (1-18:0, 2-18:1)[gm] => H+[gm] + ADP[gm] + 1-phosphatidyl-1D-myo-inositol 4-phosphate (1-18:0, 2-18:1)[gm]",-0.00143792694807045
r_2848,"phosphatidylinositol 4-kinase (1-16:0, 2-18:1), nucleus","ATP[n] + 1-phosphatidyl-1D-myo-inositol (1-16:0, 2-18:1)[n] => ADP[n] + H+[n] + 1-phosphatidyl-1D-myo-inositol 4-phosphate (1-16:0, 2-18:1)[n]",-0.000138311064275965
r_2850,"phosphatidylinositol 4-kinase (1-18:0, 2-18:1), nucleus","ATP[n] + 1-phosphatidyl-1D-myo-inositol (1-18:0, 2-18:1)[n] => ADP[n] + H+[n] + 1-phosphatidyl-1D-myo-inositol 4-phosphate (1-18:0, 2-18:1)[n]",-0.000276618143219512
r_2856,"phosphatidylinositol 3-kinase (1-16:0, 2-18:1), vacuolar membrane","ATP[vm] + 1-phosphatidyl-1D-myo-inositol (1-16:0, 2-18:1)[vm] => H+[vm] + ADP[vm] + 1-phosphatidyl-1D-myo-inositol 3-phosphate (1-16:0, 2-18:1)[vm]",-3.47566486992224e-06
r_2858,"phosphatidylinositol 3-kinase (1-18:0, 2-18:1), vacuolar membrane","ATP[vm] + 1-phosphatidyl-1D-myo-inositol (1-18:0, 2-18:1)[vm] => H+[vm] + ADP[vm] + 1-phosphatidyl-1D-myo-inositol 3-phosphate (1-18:0, 2-18:1)[vm]",-2.48447664652215e-06
r_2864,"PI 4-P 5-kinase (1-16:0, 2-18:1), nucleus","ATP[n] + 1-phosphatidyl-1D-myo-inositol 4-phosphate (1-16:0, 2-18:1)[n] => ADP[n] + H+[n] + 1-phosphatidyl-1D-myo-inositol 4,5-bisphosphate (1-16:0, 2-18:1)[n]",-0.000138311064275965
r_2866,"PI 4-P 5-kinase (1-18:0, 2-18:1), nucleus","ATP[n] + 1-phosphatidyl-1D-myo-inositol 4-phosphate (1-18:0, 2-18:1)[n] => ADP[n] + H+[n] + 1-phosphatidyl-1D-myo-inositol 4,5-bisphosphate (1-18:0, 2-18:1)[n]",-0.000276618143219512
r_2872,"PI 4-P 5-kinase (1-16:0, 2-18:1), cell envelope","ATP[ce] + 1-phosphatidyl-1D-myo-inositol 4-phosphate (1-16:0, 2-18:1)[ce] => H+[ce] + ADP[ce] + 1-phosphatidyl-1D-myo-inositol 4,5-bisphosphate (1-16:0, 2-18:1)[ce]",-0.000772148701281079
r_2874,"PI 4-P 5-kinase (1-18:0, 2-18:1), cell envelope","ATP[ce] + 1-phosphatidyl-1D-myo-inositol 4-phosphate (1-18:0, 2-18:1)[ce] => H+[ce] + ADP[ce] + 1-phosphatidyl-1D-myo-inositol 4,5-bisphosphate (1-18:0, 2-18:1)[ce]",-0.000607597720235601
r_2880,"PI 3-P 5-kinase (1-16:0, 2-18:1), vacuolar membrane","ATP[vm] + 1-phosphatidyl-1D-myo-inositol 3-phosphate (1-16:0, 2-18:1)[vm] => H+[vm] + ADP[vm] + 1-phosphatidyl-1D-myo-inositol 3,5-bisphosphate (1-16:0, 2-18:1)[vm]",-0.00149287993465871
r_2882,"PI 3-P 5-kinase (1-18:0, 2-18:1), vacuolar membrane","ATP[vm] + 1-phosphatidyl-1D-myo-inositol 3-phosphate (1-18:0, 2-18:1)[vm] => H+[vm] + ADP[vm] + 1-phosphatidyl-1D-myo-inositol 3,5-bisphosphate (1-18:0, 2-18:1)[vm]",-0.00143537461702156
r_3344,"PA kinase (1-16:0, 2-18:1), vacuolar membrane","phosphatidate (1-16:0, 2-18:1)[vm] + ATP[vm] <=> ADP[vm] + 1,2-diacylglycerol 3-diphosphate (1-16:0, 2-18:1)[vm]",-0.000313899873215386
r_3346,"PA kinase (1-18:0, 2-18:1), vacuolar membrane","phosphatidate (1-18:0, 2-18:1)[vm] + ATP[vm] <=> ADP[vm] + 1,2-diacylglycerol 3-diphosphate (1-18:0, 2-18:1)[vm]",-0.000497919408785222
r_4041,biomass pseudoreaction,154.1 ATP[c] + 154.1 H2O[c] + lipid[c] + 0.00099 riboflavin[c] + 0.02 sulphate[c] + 1e-06 heme a[c] + protein[c] + carbohydrate[c] + RNA[c] + DNA[c] => 154.1 ADP[c] + biomass[c] + 154.1 H+[c] + 154.1 phosphate[c],-6.77018034329998
r_4046,non-growth associated maintenance reaction,ATP[c] + H2O[c] => ADP[c] + H+[c] + phosphate[c],-0.0502766221053975
r_4205,5-oxo-L-proline amidohydrolase (ATP-hydrolysing),ATP[c] + 2 H2O[c] + 5-oxo-L-proline[c] => ADP[c] + H+[c] + L-glutamate[c] + phosphate[c],-0.00121172399337338
r_4224,Sodium transport ATPase 5 (EC 3.6.3.7),ATP[c] + H2O[c] + sodium[c] => ADP[c] + H+[c] + phosphate[c] + sodium[e],-0.000504007402053816
r_4337,"Iron-sulfur clusters transporter ATM1, mitochondrial",ATP[m] + H2O[m] + porphyrin[m] <=> ADP[m] + H+[m] + phosphate[m] + porphyrin[c],1.13686837721616e-17
t_0225,"fatty-acid--CoA ligase (palmitate), endoplasmic reticulum membrane",coenzyme A[erm] + ATP[erm] + palmitate[erm] <=> palmitoyl-CoA[erm] + AMP[erm] + diphosphate[erm],0.000259474212927993
t_0226,"fatty-acid--CoA ligase (stearate), endoplasmic reticulum membrane",coenzyme A[erm] + ATP[erm] + stearate[erm] <=> stearoyl-CoA[erm] + AMP[erm] + diphosphate[erm],5.38071936349079e-05
t_0227,"fatty-acid--CoA ligase (oleate), endoplasmic reticulum membrane",coenzyme A[erm] + ATP[erm] + oleate[erm] <=> oleoyl-CoA[erm] + AMP[erm] + diphosphate[erm],-0.000768841008457422
t_0228,"fatty-acid--CoA ligase (linoleate), endoplasmic reticulum membrane",linoleate[erm] + coenzyme A[erm] + ATP[erm] <=> linoleoyl-CoA[erm] + AMP[erm] + diphosphate[erm],0.00241819263911797
t_0230,"fatty-acid--CoA ligase (palmitate), lipid particle",coenzyme A[lp] + ATP[lp] + palmitate[lp] <=> diphosphate[lp] + AMP[lp] + palmitoyl-CoA[lp],0.000251074703361293
t_0231,"fatty-acid--CoA ligase (stearate), lipid particle",coenzyme A[lp] + ATP[lp] + stearate[lp] <=> diphosphate[lp] + AMP[lp] + stearoyl-CoA[lp],8.53428669288853e-05
t_0232,"fatty-acid--CoA ligase (oleate), lipid particle",coenzyme A[lp] + ATP[lp] + oleate[lp] <=> diphosphate[lp] + AMP[lp] + oleoyl-CoA[lp],-0.00147634249634512
t_0233,"fatty-acid--CoA ligase (linoleate), lipid particle",linoleate[lp] + coenzyme A[lp] + ATP[lp] <=> linoleoyl-CoA[lp] + diphosphate[lp] + AMP[lp],-0.00149033196305389
t_0235,"fatty-acid--CoA ligase (palmitate), peroxisome",ATP[p] + coenzyme A[p] + palmitate[p] <=> AMP[p] + diphosphate[p] + palmitoyl-CoA[p],-0.000502696176328659
t_0236,"fatty-acid--CoA ligase (stearate), peroxisome",ATP[p] + coenzyme A[p] + stearate[p] <=> AMP[p] + diphosphate[p] + stearoyl-CoA[p],-0.000110334050126859
t_0237,"fatty-acid--CoA ligase (oleate), peroxisome",ATP[p] + coenzyme A[p] + oleate[p] <=> AMP[p] + diphosphate[p] + oleoyl-CoA[p],1.30364222081684e-05
t_0295,"PA kinase (1-16:0, 2-18:2), vacuolar membrane","phosphatidate (1-16:0, 2-18:2)[vm] + ATP[vm] <=> 1,2-diacylglycerol 3-diphosphate (1-16:0, 2-18:2)[vm] + ADP[vm]",-0.000331412110723569
t_0298,"PA kinase (1-18:0, 2-18:2), vacuolar membrane","phosphatidate (1-18:0, 2-18:2)[vm] + ATP[vm] <=> 1,2-diacylglycerol 3-diphosphate (1-18:0, 2-18:2)[vm] + ADP[vm]",-0.000276622130533855
t_0403,"phosphatidylinositol 3-kinase (1-16:0, 2-18:2), vacuolar membrane","1-phosphatidyl-1D-myo-inositol (1-16:0, 2-18:2)[vm] + ATP[vm] => 1-phosphatidyl-1D-myo-inositol 3-phosphate (1-16:0, 2-18:2)[vm] + H+[vm] + ADP[vm]",-2.24344494038535e-06
t_0406,"phosphatidylinositol 3-kinase (1-18:0, 2-18:2), vacuolar membrane","1-phosphatidyl-1D-myo-inositol (1-18:0, 2-18:2)[vm] + ATP[vm] => 1-phosphatidyl-1D-myo-inositol 3-phosphate (1-18:0, 2-18:2)[vm] + H+[vm] + ADP[vm]",-2.28585221573369e-06
t_0409,"phosphatidylinositol 4-kinase (1-16:0, 2-18:2), cell envelope","1-phosphatidyl-1D-myo-inositol (1-16:0, 2-18:2)[ce] + ATP[ce] => 1-phosphatidyl-1D-myo-inositol 4-phosphate (1-16:0, 2-18:2)[ce] + H+[ce] + ADP[ce]",-0.000995354900773946
t_0412,"phosphatidylinositol 4-kinase (1-18:0, 2-18:2), cell envelope","1-phosphatidyl-1D-myo-inositol (1-18:0, 2-18:2)[ce] + ATP[ce] => 1-phosphatidyl-1D-myo-inositol 4-phosphate (1-18:0, 2-18:2)[ce] + H+[ce] + ADP[ce]",-0.00138214218595768
t_0421,"phosphatidylinositol 4-kinase (1-16:0, 2-18:2), Golgi membrane","1-phosphatidyl-1D-myo-inositol (1-16:0, 2-18:2)[gm] + ATP[gm] => 1-phosphatidyl-1D-myo-inositol 4-phosphate (1-16:0, 2-18:2)[gm] + H+[gm] + ADP[gm]",-0.00145573923610559
t_0424,"phosphatidylinositol 4-kinase (1-18:0, 2-18:2), Golgi membrane","1-phosphatidyl-1D-myo-inositol (1-18:0, 2-18:2)[gm] + ATP[gm] => 1-phosphatidyl-1D-myo-inositol 4-phosphate (1-18:0, 2-18:2)[gm] + H+[gm] + ADP[gm]",-0.00105404495848944
t_0427,"phosphatidylinositol 4-kinase (1-16:0, 2-18:2), nucleus","1-phosphatidyl-1D-myo-inositol (1-16:0, 2-18:2)[n] + ATP[n] => 1-phosphatidyl-1D-myo-inositol 4-phosphate (1-16:0, 2-18:2)[n] + ADP[n] + H+[n]",-0.000275845332746737
t_0430,"phosphatidylinositol 4-kinase (1-18:0, 2-18:2), nucleus","1-phosphatidyl-1D-myo-inositol (1-18:0, 2-18:2)[n] + ATP[n] => 1-phosphatidyl-1D-myo-inositol 4-phosphate (1-18:0, 2-18:2)[n] + ADP[n] + H+[n]",-0.000303094185412712
t_0457,"PI 3-P 5-kinase (1-16:0, 2-18:2), vacuolar membrane","1-phosphatidyl-1D-myo-inositol 3-phosphate (1-16:0, 2-18:2)[vm] + ATP[vm] => 1-phosphatidyl-1D-myo-inositol 3,5-bisphosphate (1-16:0, 2-18:2)[vm] + H+[vm] + ADP[vm]",-0.00125477897261523
t_0460,"PI 3-P 5-kinase (1-18:0, 2-18:2), vacuolar membrane","1-phosphatidyl-1D-myo-inositol 3-phosphate (1-18:0, 2-18:2)[vm] + ATP[vm] => 1-phosphatidyl-1D-myo-inositol 3,5-bisphosphate (1-18:0, 2-18:2)[vm] + H+[vm] + ADP[vm]",-0.00165831195331102
t_0487,"PI 4-P 5-kinase (1-16:0, 2-18:2), nucleus","1-phosphatidyl-1D-myo-inositol 4-phosphate (1-16:0, 2-18:2)[n] + ATP[n] => 1-phosphatidyl-1D-myo-inositol 4,5-bisphosphate (1-16:0, 2-18:2)[n] + ADP[n] + H+[n]",-0.000275845332746737
t_0490,"PI 4-P 5-kinase (1-18:0, 2-18:2), nucleus","1-phosphatidyl-1D-myo-inositol 4-phosphate (1-18:0, 2-18:2)[n] + ATP[n] => 1-phosphatidyl-1D-myo-inositol 4,5-bisphosphate (1-18:0, 2-18:2)[n] + ADP[n] + H+[n]",-0.000303094185412712
t_0493,"PI 4-P 5-kinase (1-16:0, 2-18:2), cell envelope","1-phosphatidyl-1D-myo-inositol 4-phosphate (1-16:0, 2-18:2)[ce] + ATP[ce] => 1-phosphatidyl-1D-myo-inositol 4,5-bisphosphate (1-16:0, 2-18:2)[ce] + H+[ce] + ADP[ce]",-0.000663408394943384
t_0496,"PI 4-P 5-kinase (1-18:0, 2-18:2), cell envelope","1-phosphatidyl-1D-myo-inositol 4-phosphate (1-18:0, 2-18:2)[ce] + ATP[ce] => 1-phosphatidyl-1D-myo-inositol 4,5-bisphosphate (1-18:0, 2-18:2)[ce] + H+[ce] + ADP[ce]",-0.000481684876239202
t_1063,"PA kinase (1-18:1, 2-18:1), vacuolar membrane","phosphatidate (1-18:1, 2-18:1)[vm] + ATP[vm] <=> 1,2-diacylglycerol 3-diphosphate (1-18:1, 2-18:1)[vm] + ADP[vm]",-0.000276620857879748
t_1064,"PA kinase (1-18:1, 2-18:2), vacuolar membrane","phosphatidate (1-18:1, 2-18:2)[vm] + ATP[vm] <=> 1,2-diacylglycerol 3-diphosphate (1-18:1, 2-18:2)[vm] + ADP[vm]",-0.000276622116971773
t_1173,"phosphatidylinositol 4-kinase (1-18:1, 2-18:1), cell envelope","1-phosphatidyl-1D-myo-inositol (1-18:1, 2-18:1)[ce] + ATP[ce] => 1-phosphatidyl-1D-myo-inositol 4-phosphate (1-18:1, 2-18:1)[ce] + H+[ce] + ADP[ce]",-0.000884451579690728
t_1174,"phosphatidylinositol 4-kinase (1-18:1, 2-18:2), cell envelope","1-phosphatidyl-1D-myo-inositol (1-18:1, 2-18:2)[ce] + ATP[ce] => 1-phosphatidyl-1D-myo-inositol 4-phosphate (1-18:1, 2-18:2)[ce] + H+[ce] + ADP[ce]",-0.0013273015059234
t_1185,"phosphatidylinositol 4-kinase (1-18:1, 2-18:1), Golgi membrane","1-phosphatidyl-1D-myo-inositol (1-18:1, 2-18:1)[gm] + ATP[gm] => 1-phosphatidyl-1D-myo-inositol 4-phosphate (1-18:1, 2-18:1)[gm] + H+[gm] + ADP[gm]",-0.00104856435831319
t_1186,"phosphatidylinositol 4-kinase (1-18:1, 2-18:2), Golgi membrane","1-phosphatidyl-1D-myo-inositol (1-18:1, 2-18:2)[gm] + ATP[gm] => 1-phosphatidyl-1D-myo-inositol 4-phosphate (1-18:1, 2-18:2)[gm] + H+[gm] + ADP[gm]",-0.00154847475030561
t_1221,"PI 3-P 5-kinase (1-18:1, 2-18:1), vacuolar membrane","1-phosphatidyl-1D-myo-inositol 3-phosphate (1-18:1, 2-18:1)[vm] + ATP[vm] => 1-phosphatidyl-1D-myo-inositol 3,5-bisphosphate (1-18:1, 2-18:1)[vm] + H+[vm] + ADP[vm]",-0.00149277906517488
t_1222,"PI 3-P 5-kinase (1-18:1, 2-18:2), vacuolar membrane","1-phosphatidyl-1D-myo-inositol 3-phosphate (1-18:1, 2-18:2)[vm] + ATP[vm] => 1-phosphatidyl-1D-myo-inositol 3,5-bisphosphate (1-18:1, 2-18:2)[vm] + H+[vm] + ADP[vm]",-0.00169495017113441
t_1257,"PI 4-P 5-kinase (1-18:1, 2-18:1), cell envelope","1-phosphatidyl-1D-myo-inositol 4-phosphate (1-18:1, 2-18:1)[ce] + ATP[ce] => 1-phosphatidyl-1D-myo-inositol 4,5-bisphosphate (1-18:1, 2-18:1)[ce] + H+[ce] + ADP[ce]",-0.000606424644581719
t_1258,"PI 4-P 5-kinase (1-18:1, 2-18:2), cell envelope","1-phosphatidyl-1D-myo-inositol 4-phosphate (1-18:1, 2-18:2)[ce] + ATP[ce] => 1-phosphatidyl-1D-myo-inositol 4,5-bisphosphate (1-18:1, 2-18:2)[ce] + H+[ce] + ADP[ce]",-0.00081304643028939
y200001,glycinamide ribonucleotide transformylase,5-phospho-ribosyl-glycineamide[c] + ATP[c] + formate[c] => 5'-phosphoribosyl-N-formylglycineamide[c] + ADP[c] + phosphate[c],-0.000235785520979756
y200003,ATP-citrate lyase,ATP[c] + citrate[c] + coenzyme A[c] => acetyl-CoA[c] + ADP[c] + oxaloacetate[c] + phosphate[c],-0.00811723508604418
y200022,ATP:cytidine 5'-phosphotransferase,ATP[c] + cytidine[c] <=> ADP[c] + CMP[c] + H+[c],0.311929461526899
