r_0079,5'-phosphoribosylformyl glycinamidine synthetase,5'-phosphoribosyl-N-formylglycineamide[c] + ATP[c] + H2O[c] + L-glutamine[c] => 5'-phosphoribosyl-N-formylglycineamidine[c] + ADP[c] + H+[c] + L-glutamate[c] + phosphate[c],-0.000598744574998889
r_0109,"acetyl-CoA carboxylase, reaction",acetyl-CoA[c] + ATP[c] + bicarbonate[c] => ADP[c] + H+[c] + malonyl-CoA[c] + phosphate[c],-0.241966299418634
r_0112,acetyl-CoA synthetase,acetate[c] + ATP[c] + coenzyme A[c] => acetyl-CoA[c] + AMP[c] + diphosphate[c],-0.772986960125
r_0115,acetylglutamate kinase,ATP[m] + N-acetyl-L-glutamate[m] => ADP[m] + N-acetyl-L-gamma-glutamyl phosphate[m],-0.00825556875
r_0142,adenosine kinase,adenosine[c] + ATP[c] => ADP[c] + AMP[c] + H+[c],-0.000936527937919583
r_0148,adenylate kinase,AMP[c] + ATP[c] => 2 ADP[c],-0.963616972945527
r_0154,adenylyl-sulfate kinase,5'-adenylyl sulfate[c] + ATP[c] => 3'-phospho-5'-adenylyl sulfate[c] + ADP[c] + H+[c],-0.008986960125
r_0157,alanyl-tRNA synthetase,ATP[c] + L-alanine[c] + tRNA(Ala)[c] => Ala-tRNA(Ala)[c] + AMP[c] + diphosphate[c],-0.0085939425
r_0208,argininosuccinate synthase,ATP[c] + L-aspartate[c] + L-citrulline[c] <=> (N(omega)-L-arginino)succinic acid[c] + AMP[c] + diphosphate[c] + H+[c],-0.00825556875
r_0209,arginyl-tRNA synthetase,ATP[c] + L-arginine[c] + tRNA(Arg)[c] => AMP[c] + Arg-tRNA(Arg)[c] + diphosphate[c],-0.00825556875
r_0211,asparagine synthase (glutamine-hydrolysing),ATP[c] + H2O[c] + L-aspartate[c] + L-glutamine[c] => AMP[c] + diphosphate[c] + H+[c] + L-asparagine[c] + L-glutamate[c],-0.006857565
r_0212,Asparaginyl-tRNA synthetase,ATP[c] + L-asparagine[c] + tRNA(Asn)[c] => AMP[c] + Asn-tRNA(Asn)[c] + diphosphate[c],-0.006857565
r_0215,aspartate kinase,ATP[c] + L-aspartate[c] => 4-phospho-L-aspartate[c] + ADP[c],-0.0216934575
r_0220,Aspartyl-tRNA synthetase,ATP[c] + L-aspartate[c] + tRNA(Asp)[c] => AMP[c] + Asp-tRNA(Asp)[c] + diphosphate[c],-0.00801801
r_0225,ATP phosphoribosyltransferase,ATP[c] + PRPP[c] => 5-phosphoribosyl-ATP[c] + diphosphate[c],-0.00596685375
r_0226,ATP synthase,ADP[m] + 3 H+[c] + phosphate[m] => ATP[m] + 2 H+[m] + H2O[m],9.77341419065992
r_0250,carbamoyl-phosphate synthase (glutamine-hydrolysing),2 ATP[c] + bicarbonate[c] + H2O[c] + L-glutamine[c] => 2 ADP[c] + carbamoyl phosphate[c] + 2 H+[c] + L-glutamate[c] + phosphate[c],-0.017581224375
r_0307,CTP synthase (NH3),ammonium[c] + ATP[c] + UTP[c] => ADP[c] + CTP[c] + 2 H+[c] + phosphate[c],-0.0003296596875
r_0313,cysteinyl-tRNA synthetase,ATP[c] + L-cysteine[c] + tRNA(Cys)[c] => AMP[c] + Cys-tRNA(Cys)[c] + diphosphate[c],-0.003127892625
r_0330,deoxyguanylate kinase (dGMP:ATP),ATP[c] + dGMP[c] <=> ADP[c] + dGDP[c],0.0000688705875
r_0468,glutamate 5-kinase,ATP[c] + L-glutamate[c] => ADP[c] + L-gamma-glutamyl phosphate[c],-0.00807538875
r_0476,glutamine synthetase,ammonium[c] + ATP[c] + L-glutamate[c] => ADP[c] + H+[c] + L-glutamine[c] + phosphate[c],-0.0349047752625159
r_0478,glutaminyl-tRNA synthetase,ATP[c] + L-glutamine[c] + tRNA(Gln)[c] => AMP[c] + diphosphate[c] + Gln-tRNA(Gln)[c],-0.00738309
r_0479,glutamyl-tRNA synthetase,ATP[c] + L-glutamate[c] + tRNA(Glu)[c] => AMP[c] + diphosphate[c] + Glu-tRNA(Glu)[c],-0.007977255
r_0512,glycyl-tRNA synthetase,ATP[c] + L-glycine[c] + tRNA(Gly)[c] => AMP[c] + diphosphate[c] + Gly-tRNA(Gly)[c],-0.00841215375
r_0514,GMP synthase,ATP[c] + H2O[c] + L-glutamine[c] + xanthosine-5-phosphate[c] => AMP[c] + diphosphate[c] + GMP[c] + 2 H+[c] + L-glutamate[c],-0.000327466425
r_0528,guanylate kinase,ATP[c] + GMP[c] => ADP[c] + GDP[c],-0.0001219593375
r_0539,histidyl-tRNA synthetase,ATP[c] + L-histidine[c] + tRNA(His)[c] => AMP[c] + diphosphate[c] + His-tRNA(His)[c],-0.00596685375
r_0548,homoserine kinase,ATP[c] + L-homoserine[c] => ADP[c] + H+[c] + O-phospho-L-homoserine[c],-0.012706497375
r_0665,isoleucyl-tRNA synthetase,ATP[c] + L-isoleucine[c] + tRNA(Ile)[c] => AMP[c] + diphosphate[c] + Ile-tRNA(Ile)[c],-0.007659795
r_0678,L-aminoadipate-semialdehyde dehydrogenase (NADPH),ATP[c] + H+[c] + L-2-aminoadipate[c] + NADPH[c] => AMP[c] + diphosphate[c] + L-allysine[c] + NADP(+)[c],-0.00750696375
r_0701,leucyl-tRNA synthetase,ATP[c] + L-leucine[c] + tRNA(Leu)[c] => AMP[c] + diphosphate[c] + Leu-tRNA(Leu)[c],-0.00848615625
r_0711,lysyl-tRNA synthetase,ATP[c] + L-lysine[c] + tRNA(Lys)[c] => AMP[c] + diphosphate[c] + Lys-tRNA(Lys)[c],-0.00750696375
r_0726,methionine adenosyltransferase,ATP[c] + H2O[c] + L-methionine[c] => diphosphate[c] + phosphate[c] + S-adenosyl-L-methionine[c],-0.000936527937919583
r_0729,methionyl-tRNA synthetase,ATP[c] + L-methionine[c] + tRNA(Met)[c] => AMP[c] + diphosphate[c] + Met-tRNA(Met)[c],-0.0058590675
r_0735,mevalonate kinase (atp),(R)-mevalonate[c] + ATP[c] => (R)-5-phosphomevalonic acid[c] + ADP[c] + H+[c],-0.003778471125
r_0739,mevalonate pyrophoshate decarboxylase,(R)-5-diphosphomevalonic acid[c] + ATP[c] => ADP[c] + carbon dioxide[c] + isopentenyl diphosphate[c] + phosphate[c],-0.003778471125
r_0795,nucleoside diphosphate kinase,ATP[c] + CDP[c] => ADP[c] + CTP[c],-0.000192795200040813
r_0800,nucleoside diphosphate kinase,ATP[c] + GDP[c] => ADP[c] + GTP[c],-0.00902963489999903
r_0811,nucleoside-diphosphate kinase (ATP:UDP),ATP[c] + UDP[c] => ADP[c] + UTP[c],-0.0549443626875
r_0852,phenylalanyl-tRNA synthetase,ATP[c] + L-phenylalanine[c] + tRNA(Phe)[c] => AMP[c] + diphosphate[c] + Phe-tRNA(Phe)[c],-0.0069122625
r_0855,phopshoribosylaminoimidazole synthetase,5'-phosphoribosyl-N-formylglycineamidine[c] + ATP[c] => 5'-phosphoribosyl-5-aminoimidazole[c] + ADP[c] + 2 H+[c] + phosphate[c],-0.000598744574998889
r_0886,phosphofructokinase,"ATP[c] + D-fructose 6-phosphate[c] => ADP[c] + D-fructose 1,6-bisphosphate[c] + H+[c]",-0.276108159531142
r_0892,phosphoglycerate kinase,"1,3-bisphospho-D-glycerate[c] + ADP[c] <=> 3-phosphonato-D-glycerate(3-)[c] + ATP[c]",0.753896426529615
r_0904,phosphomevalonate kinase,(R)-5-phosphomevalonic acid[c] + ATP[c] => (R)-5-diphosphomevalonic acid[c] + ADP[c],-0.003778471125
r_0908,phosphoribosyl amino imidazolesuccinocarbozamide synthetase,ATP[c] + L-aspartate[c] + phosphoribosyl-carboxy-aminoimidazole[c] => 5'-phosphoribosyl-4-(N-succinocarboxamide)-5-aminoimidazole[c] + ADP[c] + H+[c] + phosphate[c],-0.000598744574998889
r_0911,phosphoribosylaminoimidazole-carboxylase,5'-phosphoribosyl-5-aminoimidazole[c] + ATP[c] + carbon dioxide[c] + H2O[c] => ADP[c] + H+[c] + phosphate[c] + phosphoribosyl-carboxy-aminoimidazole[c],-0.000598744574998889
r_0914,phosphoribosylglycinamidine synthetase,5-phosphoribosylamine[c] + ATP[c] + L-glycine[c] => 5-phospho-ribosyl-glycineamide[c] + ADP[c] + H+[c] + phosphate[c],-0.000598744574998889
r_0916,phosphoribosylpyrophosphate synthetase,ATP[c] + ribose-5-phosphate[c] => AMP[c] + H+[c] + PRPP[c],-0.011482340512499
r_0941,prolyl-tRNA synthetase,ATP[c] + L-proline[c] + tRNA(Pro)[c] => AMP[c] + diphosphate[c] + H+[c] + Pro-tRNA(Pro)[c],-0.00807538875
r_0958,pyruvate carboxylase,ATP[c] + bicarbonate[c] + pyruvate[c] => ADP[c] + H+[c] + oxaloacetate[c] + phosphate[c],-0.551344202961338
r_0962,pyruvate kinase,ADP[c] + H+[c] + phosphoenolpyruvate[c] => ATP[c] + pyruvate[c],0.691315341311992
r_0995,seryl-tRNA synthetase,ATP[c] + L-serine[c] + tRNA(Ser)[c] => AMP[c] + diphosphate[c] + Ser-tRNA(Ser)[c],-0.008449155
r_0997,shikimate kinase,ATP[c] + shikimate[c] => 3-phosphoshikimic acid[c] + ADP[c] + H+[c],-0.01732784625
r_1022,succinate-CoA ligase (ADP-forming),ADP[m] + phosphate[m] + succinyl-CoA[m] => ATP[m] + coenzyme A[m] + succinate[m],0.931694780492355
r_1042,threonyl-tRNA synthetase,ATP[c] + L-threonine[c] + tRNA(Thr)[c] => AMP[c] + diphosphate[c] + Thr-tRNA(Thr)[c],-0.008174595
r_1057,tryptophanyl-tRNA synthetase,ATP[c] + L-tryptophan[c] + tRNA(Trp)[c] => AMP[c] + diphosphate[c] + Trp-tRNA(Trp)[c],-0.00438169875
r_1066,tyrosyl-tRNA synthetase,ATP[c] + L-tyrosine[c] + tRNA(Tyr)[c] => AMP[c] + diphosphate[c] + Tyr-tRNA(Tyr)[c],-0.006033885
r_1072,UMP kinase,ATP[c] + UMP[c] => ADP[c] + UDP[c],-0.000329659687500003
r_1089,valyl-tRNA synthetase,ATP[c] + L-valine[c] + tRNA(Val)[c] => AMP[c] + diphosphate[c] + Val-tRNA(Val)[c],-0.00828559875
r_1094,xylulokinase,ATP[c] + D-xylulose[c] => ADP[c] + D-xylulose 5-phosphate[c] + H+[c],-0.563
r_1703,cytidylate kinase (CMP),ATP[c] + CMP[c] => ADP[c] + CDP[c],-0.000317612750040813
r_1704,cytidylate kinase (dCMP),ATP[c] + dCMP[c] <=> ADP[c] + dCDP[c],0.00012481755
r_1729,deoxyadenylate kinase,ATP[c] + dAMP[c] <=> ADP[c] + dADP[c],0.000065669175
r_4041,biomass pseudoreaction,154.1 ATP[c] + 154.1 H2O[c] + lipid[c] + 0.00099 riboflavin[c] + 0.02 sulphate[c] + 1e-06 heme a[c] + protein[c] + carbohydrate[c] + RNA[c] + DNA[c] => 154.1 ADP[c] + biomass[c] + 154.1 H+[c] + 154.1 phosphate[c],-8.2636125
r_4046,non-growth associated maintenance reaction,ATP[c] + H2O[c] => ADP[c] + H+[c] + phosphate[c],-0.05
t_0228,"fatty-acid--CoA ligase (linoleate), endoplasmic reticulum membrane",linoleate[erm] + coenzyme A[erm] + ATP[erm] <=> linoleoyl-CoA[erm] + AMP[erm] + diphosphate[erm],0.00322291172149333
t_0230,"fatty-acid--CoA ligase (palmitate), lipid particle",coenzyme A[lp] + ATP[lp] + palmitate[lp] <=> diphosphate[lp] + AMP[lp] + palmitoyl-CoA[lp],0.000949002832185429
,,ATP flux,0.0763036653024905
,,ATP yield,0.155944543843226
