id	rule
r_0001	PAPLA_00446 or PAPLA_01906 or PAPLA_02186 or PAPLA_03705
r_0002	( PAPLA_03705 and PAPLA_05450 ) or ( PAPLA_02186 and PAPLA_05450 )
r_0004	( PAPLA_05450 and PAPLA_01825 ) or ( PAPLA_05450 and PAPLA_03690 ) or ( PAPLA_05450 and PAPLA_04162 ) or ( PAPLA_05450 and PAPLA_04267 ) or ( PAPLA_05450 and PAPLA_04342 ) or ( PAPLA_05450 and PAPLA_04700 ) or ( PAPLA_05450 and PAPLA_04894 )
r_0005	PAPLA_05671
r_0006	PAPLA_02531 or PAPLA_02872 or PAPLA_02895
r_0007	PAPLA_03678
r_0013	PAPLA_01699
r_0014	PAPLA_02908
r_0015	PAPLA_05408
r_0016	PAPLA_03446
r_0017	PAPLA_05610
r_0018	PAPLA_04670
r_0019	PAPLA_05842
r_0020	PAPLA_02669 or PAPLA_06302
r_0021	( PAPLA_02366 and PAPLA_05126 and PAPLA_06261 and PAPLA_02748 and PAPLA_04581 and PAPLA_04074 ) or ( PAPLA_02366 and PAPLA_05126 and PAPLA_06261 and PAPLA_04409 and PAPLA_04581 and PAPLA_04074 )
r_0022	( PAPLA_02366 and PAPLA_05126 and PAPLA_06261 and PAPLA_02748 and PAPLA_04581 and PAPLA_04074 ) or ( PAPLA_02366 and PAPLA_05126 and PAPLA_06261 and PAPLA_04409 and PAPLA_04581 and PAPLA_04074 )
r_0023	PAPLA_04400
r_0024	PAPLA_01848
r_0025	PAPLA_01848
r_0026	PAPLA_03250
r_0027	PAPLA_02182
r_0028	PAPLA_04605
r_0029	PAPLA_03250
r_0030	PAPLA_03250
r_0032	PAPLA_04381
r_0033	PAPLA_03615
r_0034	PAPLA_03615
r_0035	PAPLA_03615
r_0036	PAPLA_03615
r_0037	PAPLA_03615
r_0038	PAPLA_05155
r_0039	PAPLA_03734
r_0040	PAPLA_03734
r_0041	PAPLA_02031
r_0042	PAPLA_02669 or PAPLA_06302
r_0043	PAPLA_04807
r_0045	PAPLA_02789
r_0057	PAPLA_04129 or PAPLA_04130
r_0058	PAPLA_04090
r_0060	PAPLA_04400
r_0061	PAPLA_02049 or PAPLA_03179 or PAPLA_03462
r_0062	PAPLA_01152
r_0063	PAPLA_01102
r_0064	PAPLA_01152
r_0065	PAPLA_03734
r_0066	PAPLA_01449
r_0067	PAPLA_03832
r_0068	PAPLA_02875
r_0069	PAPLA_03659
r_0072	PAPLA_01152
r_0073	PAPLA_00179
r_0075	PAPLA_04418
r_0079	PAPLA_06146
r_0080	PAPLA_04325 or PAPLA_05344
r_0081	PAPLA_03969
r_0085	PAPLA_02319
r_0086	PAPLA_00502
r_0088	PAPLA_00179
r_0089	PAPLA_00179
r_0090	PAPLA_05436 or PAPLA_06276
r_0091	PAPLA_00199 or PAPLA_03078
r_0092	PAPLA_00179
r_0095	PAPLA_01152
r_0096	PAPLA_05800
r_0097	PAPLA_03446
r_0099	PAPLA_03341
r_0100	PAPLA_00899 or PAPLA_01492 or PAPLA_01644
r_0101	PAPLA_00899 or PAPLA_01492 or PAPLA_01644
r_0102	PAPLA_00899 or PAPLA_01492 or PAPLA_01644
r_0103	PAPLA_00899 or PAPLA_01492 or PAPLA_01644
r_0104	PAPLA_00899 or PAPLA_01492 or PAPLA_01644
r_0105	PAPLA_00899 or PAPLA_01492 or PAPLA_01644
r_0106	PAPLA_00899 or PAPLA_01492 or PAPLA_01644
r_0107	PAPLA_00899 or PAPLA_01492 or PAPLA_01644
r_0108	PAPLA_05972
r_0109	PAPLA_00589 and PAPLA_05972
r_0111	
r_0112	PAPLA_05332
r_0113	PAPLA_05332
r_0114	PAPLA_05332
r_0115	PAPLA_05810
r_0118	PAPLA_05430
r_0120	PAPLA_02012 or PAPLA_02013
r_0121	PAPLA_02012 or PAPLA_02013
r_0122	PAPLA_02012 or PAPLA_02013
r_0123	PAPLA_02012 or PAPLA_02013
r_0124	PAPLA_02012 or PAPLA_02013
r_0125	PAPLA_02012 or PAPLA_02013
r_0126	PAPLA_05949
r_0127	PAPLA_05949
r_0128	PAPLA_05949
r_0129	PAPLA_05949
r_0130	PAPLA_05949
r_0131	PAPLA_05949
r_0132	PAPLA_05949
r_0133	PAPLA_05949
r_0134	PAPLA_05949
r_0135	PAPLA_05949
r_0137	PAPLA_06142
r_0139	PAPLA_02691
r_0142	PAPLA_02624
r_0143	PAPLA_02769
r_0144	PAPLA_02492
r_0145	PAPLA_04615
r_0146	PAPLA_04295
r_0147	PAPLA_06334
r_0148	PAPLA_01917 or PAPLA_02396 or PAPLA_02489
r_0149	PAPLA_02396 or PAPLA_02489
r_0150	PAPLA_02396 or PAPLA_02489
r_0151	PAPLA_04947
r_0152	PAPLA_04947
r_0153	PAPLA_00362
r_0154	PAPLA_06271
r_0156	PAPLA_04226
r_0157	PAPLA_05796
r_0163	PAPLA_02635
r_0164	PAPLA_01202 or PAPLA_02343 or PAPLA_03365 or PAPLA_03526 or PAPLA_03552 or PAPLA_04010 or PAPLA_04694 or PAPLA_04731 or PAPLA_06040
r_0165	PAPLA_02635
r_0166	PAPLA_02635 or PAPLA_04110
r_0167	PAPLA_02635
r_0168	PAPLA_00744 or PAPLA_01202 or PAPLA_01225 or PAPLA_02343 or PAPLA_02850 or PAPLA_03365 or PAPLA_03428 or PAPLA_03526 or PAPLA_03552 or PAPLA_04010 or PAPLA_04694 or PAPLA_04731 or PAPLA_06040
r_0169	PAPLA_02635 or PAPLA_04110
r_0170	PAPLA_02635
r_0171	PAPLA_00744 or PAPLA_01225 or PAPLA_02850 or PAPLA_03428
r_0172	PAPLA_01760 or PAPLA_02435 or PAPLA_03515 or PAPLA_04152 or PAPLA_04722 or PAPLA_05667
r_0173	PAPLA_01760 or PAPLA_02435 or PAPLA_03515 or PAPLA_04152 or PAPLA_04722 or PAPLA_05667
r_0174	PAPLA_00036 or PAPLA_01760 or PAPLA_02435 or PAPLA_03515 or PAPLA_04152 or PAPLA_04722 or PAPLA_05667
r_0175	PAPLA_00036 or PAPLA_01760 or PAPLA_02435 or PAPLA_03515 or PAPLA_04152 or PAPLA_04722 or PAPLA_05667
r_0176	PAPLA_00036 or PAPLA_01760 or PAPLA_02435 or PAPLA_03515 or PAPLA_04152 or PAPLA_04722 or PAPLA_05667
r_0177	PAPLA_01760 or PAPLA_02435 or PAPLA_03515 or PAPLA_04152 or PAPLA_04722 or PAPLA_05667
r_0178	PAPLA_00036 or PAPLA_01760 or PAPLA_02435 or PAPLA_03515 or PAPLA_04152 or PAPLA_04722 or PAPLA_05667
r_0179	PAPLA_02635 or PAPLA_04110
r_0180	PAPLA_02635
r_0181	PAPLA_00744 or PAPLA_01225 or PAPLA_02850 or PAPLA_03428
r_0182	PAPLA_02635 or PAPLA_04110
r_0183	PAPLA_02635
r_0184	PAPLA_00744 or PAPLA_01225 or PAPLA_02850 or PAPLA_03428
r_0185	PAPLA_01760 or PAPLA_02435 or PAPLA_03515 or PAPLA_04152 or PAPLA_04722 or PAPLA_05667
r_0186	PAPLA_02635 or PAPLA_04110
r_0187	PAPLA_02635
r_0188	PAPLA_05542
r_0189	PAPLA_02905
r_0190	PAPLA_02486
r_0191	PAPLA_04166 or PAPLA_05598 or PAPLA_05918
r_0192	PAPLA_03795
r_0193	PAPLA_03770
r_0194	PAPLA_03770
r_0195	PAPLA_01725 or PAPLA_03918
r_0198	PAPLA_02719
r_0201	PAPLA_00036 or PAPLA_01760 or PAPLA_02435 or PAPLA_03515 or PAPLA_04152 or PAPLA_04722 or PAPLA_05667
r_0202	PAPLA_05600
r_0203	PAPLA_05708 and PAPLA_04177
r_0205	PAPLA_01202 or PAPLA_02343 or PAPLA_03365 or PAPLA_03526 or PAPLA_03552 or PAPLA_04010 or PAPLA_04731 or PAPLA_04814 or PAPLA_06040
r_0206	PAPLA_00420
r_0207	PAPLA_01011
r_0208	PAPLA_02542
r_0209	PAPLA_00408
r_0210	PAPLA_00408
r_0211	PAPLA_00712
r_0212	PAPLA_05069
r_0213	PAPLA_03077
r_0214	PAPLA_00102 or PAPLA_02561 or PAPLA_03057
r_0215	
r_0216	PAPLA_05474 or PAPLA_05606
r_0217	PAPLA_05055 or PAPLA_05474 or PAPLA_05606
r_0218	PAPLA_05474 or PAPLA_05606
r_0219	PAPLA_04388
r_0220	PAPLA_01979 or PAPLA_02934
r_0225	PAPLA_02470
r_0226	PAPLA_05807 and PAPLA_05162 and PAPLA_03979 and PAPLA_05834
r_0227	PAPLA_05894
r_0228	PAPLA_00090
r_0229	PAPLA_05690
r_0230	PAPLA_00589
r_0231	PAPLA_04602
r_0233	PAPLA_05766
r_0234	PAPLA_01122
r_0235	PAPLA_01122
r_0236	PAPLA_04309
r_0237	PAPLA_04309
r_0238	PAPLA_03797
r_0239	PAPLA_03797
r_0240	PAPLA_03797
r_0241	PAPLA_03797
r_0242	PAPLA_01518
r_0243	PAPLA_05274
r_0244	PAPLA_00543
r_0250	PAPLA_00102 or PAPLA_02561 or PAPLA_03057
r_0252	PAPLA_02653
r_0253	PAPLA_01481 or PAPLA_02851
r_0254	PAPLA_01481 or PAPLA_02851
r_0255	PAPLA_01929 or PAPLA_03509
r_0256	PAPLA_01929 or PAPLA_03509 or PAPLA_04772
r_0259	PAPLA_03797
r_0260	PAPLA_02193
r_0261	PAPLA_03797
r_0262	PAPLA_02193
r_0263	PAPLA_00132
r_0264	PAPLA_00132
r_0265	PAPLA_00132
r_0266	PAPLA_00132
r_0267	PAPLA_02193
r_0268	PAPLA_02193
r_0269	PAPLA_02193
r_0270	PAPLA_02193
r_0271	PAPLA_03127 or PAPLA_05978
r_0272	PAPLA_00263 or PAPLA_00949 or PAPLA_01466 or PAPLA_01851 or PAPLA_02409 or PAPLA_03388 or PAPLA_03389 or PAPLA_06395
r_0273	PAPLA_06289
r_0274	PAPLA_01626
r_0278	
r_0279	PAPLA_01890
r_0280	PAPLA_03150 or PAPLA_05623
r_0281	PAPLA_03087
r_0282	PAPLA_03087
r_0283	PAPLA_03087
r_0284	PAPLA_03087
r_0285	PAPLA_03087
r_0286	PAPLA_03087
r_0287	PAPLA_03087
r_0288	PAPLA_03087
r_0289	PAPLA_03087
r_0290	PAPLA_03087
r_0291	PAPLA_03087
r_0292	PAPLA_03087
r_0293	PAPLA_03087
r_0294	PAPLA_03087
r_0295	PAPLA_03087
r_0296	PAPLA_03087
r_0297	PAPLA_03087
r_0298	PAPLA_03087
r_0299	PAPLA_03087
r_0300	PAPLA_04605
r_0301	PAPLA_04605
r_0302	PAPLA_03150 or PAPLA_05623
r_0303	PAPLA_03150 or PAPLA_05623
r_0304	PAPLA_05127
r_0306	PAPLA_00901
r_0307	PAPLA_00901
r_0308	PAPLA_02274
r_0309	PAPLA_04821 or PAPLA_05398
r_0310	PAPLA_02274 or PAPLA_03380
r_0311	PAPLA_00550
r_0312	PAPLA_05226
r_0313	PAPLA_03667
r_0315	PAPLA_00418
r_0317	PAPLA_04643 and PAPLA_02502
r_0320	PAPLA_06168
r_0321	PAPLA_01202 or PAPLA_02343 or PAPLA_03365 or PAPLA_03526 or PAPLA_03552 or PAPLA_04010 or PAPLA_04731 or PAPLA_06040
r_0322	PAPLA_03603
r_0323	PAPLA_01165 or PAPLA_01206 or PAPLA_01756 or PAPLA_04370 or PAPLA_04664 or PAPLA_04803
r_0326	PAPLA_03692
r_0327	PAPLA_03692
r_0330	PAPLA_00832
r_0331	PAPLA_01274
r_0344	
r_0345	
r_0346	PAPLA_01919
r_0347	PAPLA_05610
r_0348	PAPLA_02354
r_0349	PAPLA_05296
r_0350	PAPLA_05610
r_0351	PAPLA_05610
r_0352	PAPLA_01836
r_0353	PAPLA_01836
r_0354	PAPLA_04441
r_0355	PAPLA_00114
r_0356	
r_0357	
r_0360	PAPLA_04079
r_0361	PAPLA_03913
r_0362	PAPLA_02436 or PAPLA_02894
r_0363	PAPLA_04551
r_0364	PAPLA_04480
r_0366	
r_0368	PAPLA_06289
r_0369	PAPLA_01842
r_0370	PAPLA_00342 or PAPLA_03283 or PAPLA_04283 or PAPLA_04449 or PAPLA_05662
r_0373	PAPLA_03565
r_0436	PAPLA_05971
r_0438	COX1 and COX2 and COX3 and PAPLA_05450 and PAPLA_04298 and PAPLA_00749 and PAPLA_03809 and PAPLA_05941
r_0439	PAPLA_00367 and PAPLA_05898 and PAPLA_04311
r_0443	PAPLA_04110
r_0445	PAPLA_02740 or PAPLA_05404 or PAPLA_05559 or PAPLA_05849
r_0446	PAPLA_00443
r_0447	PAPLA_00443
r_0448	PAPLA_05436 or PAPLA_06276
r_0449	PAPLA_04632
r_0450	PAPLA_03603
r_0451	PAPLA_00459
r_0452	PAPLA_00459
r_0453	PAPLA_00212
r_0454	PAPLA_01100
r_0455	PAPLA_01100
r_0457	PAPLA_02433
r_0458	PAPLA_04097
r_0459	PAPLA_04098
r_0460	PAPLA_03288
r_0462	PAPLA_00114
r_0463	PAPLA_01354
r_0467	PAPLA_03864
r_0468	
r_0470	PAPLA_02490
r_0471	PAPLA_00639
r_0472	PAPLA_01292
r_0473	PAPLA_04838
r_0475	PAPLA_02127
r_0476	PAPLA_01645
r_0477	PAPLA_03131
r_0478	PAPLA_05865
r_0479	PAPLA_05865
r_0480	PAPLA_02138
r_0481	PAPLA_00983 and PAPLA_05035
r_0482	PAPLA_05035
r_0483	PAPLA_03467 or PAPLA_06216
r_0485	
r_0486	PAPLA_01396
r_0487	PAPLA_01202 or PAPLA_01940 or PAPLA_02343 or PAPLA_03365 or PAPLA_03526 or PAPLA_03552 or PAPLA_04010 or PAPLA_04694 or PAPLA_04731 or PAPLA_04814 or PAPLA_06040
r_0488	PAPLA_03251
r_0489	PAPLA_03190
r_0490	PAPLA_01023
r_0491	PAPLA_02776 or PAPLA_04610
r_0492	PAPLA_02776 or PAPLA_04610
r_0499	
r_0501	PAPLA_06127 and PAPLA_02484 and PAPLA_00539
r_0502	PAPLA_01106
r_0503	PAPLA_01106
r_0504	PAPLA_06127 and PAPLA_02484 and PAPLA_00539
r_0505	PAPLA_03685 and PAPLA_02484 and PAPLA_01932 and PAPLA_03721
r_0506	PAPLA_06127 and PAPLA_02484 and PAPLA_00539
r_0507	PAPLA_06127 and PAPLA_02484 and PAPLA_00539
r_0508	PAPLA_06127 and PAPLA_02484 and PAPLA_00539
r_0509	PAPLA_06127 and PAPLA_02484 and PAPLA_00539
r_0510	PAPLA_01726
r_0511	PAPLA_05741 or PAPLA_05742
r_0512	PAPLA_05875
r_0514	PAPLA_02239
r_0518	PAPLA_03035
r_0524	PAPLA_03876
r_0525	PAPLA_00497
r_0526	PAPLA_02587
r_0527	PAPLA_05185
r_0528	PAPLA_00832
r_0529	PAPLA_00832
r_0530	PAPLA_04807 or PAPLA_05552
r_0531	PAPLA_04291
r_0532	( PAPLA_02366 and PAPLA_05126 and PAPLA_06261 and PAPLA_02748 and PAPLA_04581 and PAPLA_04074 ) or ( PAPLA_02366 and PAPLA_05126 and PAPLA_06261 and PAPLA_04409 and PAPLA_04581 and PAPLA_04074 )
r_0533	PAPLA_01860 or PAPLA_03777
r_0534	PAPLA_01860 or PAPLA_03777
r_0535	PAPLA_01860 or PAPLA_03777
r_0536	PAPLA_02913
r_0537	PAPLA_03001
r_0538	PAPLA_03759
r_0539	PAPLA_00615
r_0540	PAPLA_00615
r_0541	PAPLA_03818
r_0542	PAPLA_02182 or PAPLA_03150 or PAPLA_05623
r_0543	PAPLA_02473
r_0545	PAPLA_01506 or PAPLA_03179
r_0546	PAPLA_01282
r_0547	PAPLA_01282
r_0548	PAPLA_03489
r_0549	PAPLA_04327
r_0550	PAPLA_00392 and PAPLA_04953
r_0551	PAPLA_02203
r_0553	PAPLA_02990
r_0554	PAPLA_02990
r_0555	PAPLA_00457
r_0557	PAPLA_02800
r_0558	PAPLA_02600
r_0559	PAPLA_04117
r_0560	PAPLA_04117
r_0561	PAPLA_04732
r_0562	PAPLA_05185
r_0563	
r_0564	PAPLA_01850
r_0565	PAPLA_01534
r_0566	PAPLA_04177
r_0567	PAPLA_01152
r_0568	PAPLA_05169
r_0569	PAPLA_05169
r_0570	PAPLA_05237
r_0572	PAPLA_05651
r_0573	PAPLA_05651
r_0574	PAPLA_05651
r_0575	PAPLA_05651
r_0596	PAPLA_00489
r_0597	PAPLA_00489
r_0598	PAPLA_00489
r_0599	PAPLA_00489
r_0600	PAPLA_00489
r_0601	PAPLA_00489
r_0602	PAPLA_00489
r_0603	PAPLA_00489
r_0604	PAPLA_00489
r_0605	PAPLA_00489
r_0606	PAPLA_00489
r_0607	PAPLA_00489
r_0608	PAPLA_00489
r_0609	PAPLA_00489
r_0610	PAPLA_00489
r_0611	PAPLA_00489
r_0612	PAPLA_00489
r_0613	PAPLA_00489
r_0614	PAPLA_00489
r_0615	PAPLA_00489
r_0616	PAPLA_00489
r_0617	PAPLA_00489
r_0618	PAPLA_00489
r_0619	PAPLA_00489
r_0620	PAPLA_00489
r_0621	PAPLA_00489
r_0622	PAPLA_00489
r_0623	PAPLA_00489
r_0624	PAPLA_00489
r_0625	PAPLA_00489
r_0626	PAPLA_00489
r_0627	PAPLA_00489
r_0628	PAPLA_00489
r_0629	PAPLA_00489
r_0630	PAPLA_00489
r_0631	PAPLA_00489
r_0632	PAPLA_00489
r_0633	PAPLA_00489
r_0634	PAPLA_00489
r_0635	PAPLA_00489
r_0636	PAPLA_00489
r_0637	PAPLA_00489
r_0638	PAPLA_00489
r_0639	PAPLA_00489
r_0640	PAPLA_00489
r_0641	PAPLA_00489
r_0642	PAPLA_00489
r_0643	PAPLA_00489
r_0644	PAPLA_00489
r_0645	PAPLA_00489
r_0646	PAPLA_00489
r_0647	PAPLA_00489
r_0648	PAPLA_00489
r_0649	PAPLA_00489
r_0650	PAPLA_00489
r_0651	PAPLA_00489
r_0652	PAPLA_00489
r_0653	PAPLA_00489
r_0654	PAPLA_00489
r_0655	PAPLA_00489
r_0656	PAPLA_01842
r_0657	PAPLA_01842
r_0658	PAPLA_01285 or PAPLA_01506 or PAPLA_03179
r_0659	PAPLA_03860
r_0661	PAPLA_03860
r_0662	PAPLA_01703
r_0663	PAPLA_03250
r_0664	PAPLA_03250
r_0665	PAPLA_03404
r_0666	PAPLA_03404
r_0667	PAPLA_04351
r_0668	PAPLA_05311 and PAPLA_00410
r_0669	PAPLA_05800
r_0670	PAPLA_02789
r_0671	PAPLA_02813
r_0674	PAPLA_00451
r_0676	PAPLA_03698
r_0678	PAPLA_01987 and PAPLA_05007
r_0679	PAPLA_03531
r_0680	PAPLA_03531
r_0681	PAPLA_05474 or PAPLA_05606
r_0682	PAPLA_05055 or PAPLA_05474 or PAPLA_05606
r_0683	PAPLA_05474 or PAPLA_05606
r_0687	PAPLA_05909
r_0688	PAPLA_00107 or PAPLA_00155 or PAPLA_01202 or PAPLA_01753 or PAPLA_02343 or PAPLA_03365 or PAPLA_03526 or PAPLA_03552 or PAPLA_04010 or PAPLA_04731 or PAPLA_06040
r_0689	PAPLA_00968
r_0690	PAPLA_03698
r_0691	PAPLA_01165 or PAPLA_01206 or PAPLA_01756 or PAPLA_04370 or PAPLA_04664
r_0692	PAPLA_00968
r_0693	PAPLA_02126
r_0694	PAPLA_05549
r_0696	PAPLA_00107 or PAPLA_00155 or PAPLA_01753
r_0697	PAPLA_06274
r_0698	PAPLA_02991 or PAPLA_02993
r_0699	PAPLA_03250
r_0700	PAPLA_03250
r_0701	PAPLA_03080
r_0711	PAPLA_06162
r_0712	PAPLA_06162
r_0713	PAPLA_04948 or PAPLA_04982
r_0714	PAPLA_04948 or PAPLA_04982
r_0715	PAPLA_04948 or PAPLA_04982
r_0717	
r_0718	PAPLA_02854 or PAPLA_03244 or PAPLA_05699 or PAPLA_06238
r_0719	PAPLA_02854 or PAPLA_03244 or PAPLA_05699 or PAPLA_06238
r_0722	
r_0723	PAPLA_05632
r_0724	PAPLA_00443
r_0725	PAPLA_00443
r_0726	PAPLA_01631
r_0727	PAPLA_02319
r_0729	PAPLA_03425
r_0730	PAPLA_04616
r_0731	PAPLA_05762
r_0732	PAPLA_00443
r_0733	PAPLA_00443
r_0734	PAPLA_01703
r_0735	PAPLA_02274
r_0736	PAPLA_02274
r_0737	PAPLA_02274
r_0738	PAPLA_02274
r_0739	PAPLA_02939
r_0757	PAPLA_04381 or PAPLA_05584
r_0758	PAPLA_00616
r_0759	PAPLA_05810
r_0760	PAPLA_05731 or PAPLA_05780
r_0761	PAPLA_03121
r_0764	PAPLA_00359
r_0765	PAPLA_01032
r_0766	PAPLA_01032
r_0767	PAPLA_01294 or PAPLA_06388
r_0768	
r_0769	
r_0770	PAPLA_00384 or PAPLA_05339
r_0771	PAPLA_01032
r_0772	PAPLA_01032
r_0773	PAPLA_05339
r_0774	PAPLA_02949
r_0775	PAPLA_02949
r_0781	PAPLA_05350
r_0782	PAPLA_00307
r_0783	PAPLA_05907
r_0784	PAPLA_05907
r_0785	PAPLA_05907
r_0786	PAPLA_03379
r_0787	PAPLA_03379
r_0788	PAPLA_05894
r_0789	PAPLA_05894
r_0790	PAPLA_05894
r_0791	PAPLA_04031
r_0792	PAPLA_05894
r_0793	PAPLA_05894
r_0795	PAPLA_01099 or PAPLA_04870
r_0796	PAPLA_01099 or PAPLA_04870
r_0797	PAPLA_01099 or PAPLA_04870
r_0798	PAPLA_01099 or PAPLA_04870
r_0799	PAPLA_01099 or PAPLA_04870
r_0800	PAPLA_01099 or PAPLA_04870
r_0801	PAPLA_01099 or PAPLA_04870
r_0802	PAPLA_01099 or PAPLA_04870
r_0803	PAPLA_01099 or PAPLA_04870
r_0804	PAPLA_00471 or PAPLA_00483 or PAPLA_00760 or PAPLA_03664 or PAPLA_05894
r_0805	PAPLA_05894
r_0806	PAPLA_05894
r_0807	PAPLA_05894
r_0810	PAPLA_04031
r_0811	PAPLA_01099 or PAPLA_04870
r_0812	PAPLA_05226
r_0813	PAPLA_05226
r_0815	PAPLA_00550 or PAPLA_02274 or PAPLA_03380
r_0816	PAPLA_01021
r_0817	PAPLA_03730
r_0818	PAPLA_03121
r_0819	PAPLA_04295
r_0820	PAPLA_06329
r_0821	PAPLA_04751
r_0831	( PAPLA_03685 and PAPLA_02484 and PAPLA_01932 ) or ( PAPLA_03685 and PAPLA_02484 and PAPLA_03721 )
r_0832	( PAPLA_03685 and PAPLA_02484 and PAPLA_01932 ) or ( PAPLA_03685 and PAPLA_02484 and PAPLA_03721 )
r_0842	PAPLA_02884
r_0843	PAPLA_02414
r_0844	PAPLA_00301
r_0851	PAPLA_03757
r_0852	PAPLA_01355 and PAPLA_00912
r_0853	PAPLA_00649
r_0855	PAPLA_03248
r_0882	PAPLA_05097
r_0883	PAPLA_04953 and PAPLA_03829
r_0884	PAPLA_06248
r_0885	PAPLA_01626
r_0886	PAPLA_01164
r_0887	PAPLA_01164
r_0888	
r_0889	PAPLA_02151
r_0890	PAPLA_05097
r_0891	PAPLA_05404
r_0892	
r_0893	PAPLA_02614
r_0902	PAPLA_00856
r_0903	PAPLA_04732
r_0904	PAPLA_05617
r_0905	PAPLA_00204
r_0906	PAPLA_04439
r_0907	
r_0908	PAPLA_04574
r_0909	PAPLA_02913
r_0910	PAPLA_02913
r_0911	PAPLA_04906
r_0912	PAPLA_05237
r_0913	PAPLA_04177
r_0914	PAPLA_03248
r_0915	PAPLA_00644
r_0916	PAPLA_00298 or PAPLA_00871
r_0917	PAPLA_01471
r_0918	PAPLA_00686
r_0921	PAPLA_00864
r_0922	PAPLA_03797
r_0935	PAPLA_04534
r_0937	PAPLA_00514
r_0938	PAPLA_05269
r_0939	PAPLA_02571
r_0941	PAPLA_04093
r_0942	PAPLA_06350
r_0943	PAPLA_04418
r_0953	PAPLA_01869
r_0954	PAPLA_01869
r_0955	PAPLA_01869
r_0956	PAPLA_01869
r_0957	PAPLA_05909
r_0958	PAPLA_04166 or PAPLA_05598 or PAPLA_05918
r_0959	PAPLA_01152
r_0960	PAPLA_01152
r_0961	( PAPLA_04542 and PAPLA_02580 and PAPLA_02484 and PAPLA_00369 and PAPLA_02883 ) or ( PAPLA_04542 and PAPLA_02580 and PAPLA_02484 and PAPLA_00369 and PAPLA_02883 )
r_0962	PAPLA_05564
r_0963	( PAPLA_02366 and PAPLA_05126 and PAPLA_06261 and PAPLA_02748 and PAPLA_04581 and PAPLA_04074 ) or ( PAPLA_02366 and PAPLA_05126 and PAPLA_06261 and PAPLA_04409 and PAPLA_04581 and PAPLA_04074 )
r_0964	PAPLA_00364 or PAPLA_00768 or PAPLA_01952 or PAPLA_05368
r_0967	PAPLA_05801
r_0968	PAPLA_00955
r_0974	PAPLA_00211 or PAPLA_01944 or PAPLA_02335
r_0975	PAPLA_00211 or PAPLA_01944 or PAPLA_02335
r_0976	PAPLA_00211 or PAPLA_01944 or PAPLA_02335
r_0977	PAPLA_00211 or PAPLA_01944 or PAPLA_02335
r_0978	PAPLA_00211 or PAPLA_01944 or PAPLA_02335
r_0979	PAPLA_00211 or PAPLA_01944 or PAPLA_02335
r_0982	PAPLA_02672
r_0984	
r_0985	( PAPLA_02366 and PAPLA_05126 and PAPLA_06261 and PAPLA_02748 and PAPLA_04581 and PAPLA_04074 ) or ( PAPLA_02366 and PAPLA_05126 and PAPLA_06261 and PAPLA_04409 and PAPLA_04581 and PAPLA_04074 )
r_0986	PAPLA_03982
r_0987	PAPLA_03021
r_0988	PAPLA_02935
r_0989	PAPLA_00423 or PAPLA_04405
r_0990	PAPLA_03603
r_0992	PAPLA_00147
r_0993	PAPLA_00672 and PAPLA_05286
r_0995	PAPLA_02705 or PAPLA_03572
r_0996	PAPLA_03734
r_0997	PAPLA_03734
r_0998	PAPLA_05908
r_0999	PAPLA_05908
r_1001	PAPLA_00423 or PAPLA_04405
r_1002	PAPLA_00423 or PAPLA_04405
r_1003	PAPLA_00864
r_1004	PAPLA_04799
r_1005	PAPLA_04799
r_1010	PAPLA_02897
r_1011	PAPLA_02897
r_1012	PAPLA_00739
r_1021	PAPLA_03645 and PAPLA_01100 and PAPLA_04500 and PAPLA_04984
r_1022	PAPLA_05311 and PAPLA_00410
r_1023	PAPLA_00036 or PAPLA_01760 or PAPLA_02435 or PAPLA_04152 or PAPLA_04722 or PAPLA_05667
r_1024	PAPLA_00169
r_1025	PAPLA_06271
r_1026	
r_1027	PAPLA_04979 and PAPLA_00807
r_1028	PAPLA_00364 or PAPLA_01966 or PAPLA_05368
r_1029	PAPLA_00018 or PAPLA_00355 or PAPLA_00800 or PAPLA_06369
r_1030	PAPLA_06127 and PAPLA_02484 and PAPLA_00539
r_1031	PAPLA_01919 or PAPLA_04187
r_1032	PAPLA_02832 or PAPLA_04156
r_1033	PAPLA_02832 or PAPLA_04156
r_1034	PAPLA_01558
r_1035	PAPLA_01558
r_1038	PAPLA_05920
r_1039	PAPLA_05035 or PAPLA_05920
r_1041	PAPLA_03659
r_1042	PAPLA_03608
r_1043	PAPLA_03608
r_1045	PAPLA_01200
r_1047	PAPLA_04850
r_1048	PAPLA_02567
r_1049	PAPLA_01204 or PAPLA_02392 or PAPLA_05246
r_1050	PAPLA_01204 or PAPLA_02392 or PAPLA_05246
r_1051	PAPLA_01725 or PAPLA_03918
r_1054	PAPLA_00094
r_1055	PAPLA_02081 or PAPLA_05391
r_1056	PAPLA_03757
r_1057	PAPLA_01118
r_1063	PAPLA_03757
r_1065	PAPLA_05474 or PAPLA_05606
r_1066	PAPLA_04574
r_1067	PAPLA_04072
r_1068	PAPLA_00335 or PAPLA_01004
r_1069	PAPLA_05912
r_1070	PAPLA_04096 or PAPLA_05330
r_1071	PAPLA_04098
r_1072	PAPLA_05891
r_1073	PAPLA_05891
r_1074	PAPLA_00418 or PAPLA_04844
r_1075	PAPLA_04166 or PAPLA_05598 or PAPLA_05918
r_1076	PAPLA_02905
r_1077	PAPLA_00418
r_1078	PAPLA_00418
r_1079	PAPLA_05891
r_1080	PAPLA_05891
r_1081	PAPLA_03539
r_1082	PAPLA_04752
r_1083	PAPLA_02324
r_1084	
r_1085	PAPLA_04954 and PAPLA_02379 and PAPLA_00064 and PAPLA_01344 and PAPLA_01541 and PAPLA_02927 and PAPLA_00488 and PAPLA_02379
r_1086	PAPLA_04954 and PAPLA_02379 and PAPLA_00064 and PAPLA_01344 and PAPLA_01541 and PAPLA_02927 and PAPLA_00488 and PAPLA_02379
r_1087	PAPLA_03250
r_1088	PAPLA_03250
r_1089	PAPLA_03404
r_1090	PAPLA_03404
r_1091	PAPLA_05185
r_1092	PAPLA_01165 or PAPLA_01206 or PAPLA_01756 or PAPLA_04370 or PAPLA_04664
r_1093	PAPLA_01202 or PAPLA_02343 or PAPLA_03365 or PAPLA_03526 or PAPLA_04010 or PAPLA_06040
r_1094	
r_1095	PAPLA_00527 or PAPLA_03458
r_1096	
r_1097	
r_1099	PAPLA_02831
r_1100	
r_1101	PAPLA_01080 or PAPLA_01390 or PAPLA_01763 or PAPLA_01769 or PAPLA_02034 or PAPLA_02843 or PAPLA_02910 or PAPLA_04133 or PAPLA_04196 or PAPLA_04673 or PAPLA_04715 or PAPLA_05196 or PAPLA_05696
r_1102	PAPLA_05136
r_1103	
r_1104	PAPLA_03501
r_1106	
r_1107	
r_1108	PAPLA_02058 or PAPLA_05347
r_1110	PAPLA_00648
r_1111	PAPLA_01271
r_1112	PAPLA_03269
r_1113	PAPLA_04756
r_1114	PAPLA_06030
r_1115	PAPLA_01254 or PAPLA_04402
r_1116	PAPLA_01271
r_1118	PAPLA_02744
r_1119	PAPLA_04134 or PAPLA_04994
r_1120	PAPLA_01511
r_1121	
r_1122	
r_1123	
r_1124	
r_1125	PAPLA_03501
r_1129	PAPLA_01712
r_1130	PAPLA_01214
r_1131	PAPLA_01214
r_1133	PAPLA_02058 or PAPLA_05347
r_1134	PAPLA_00042 or PAPLA_00685 or PAPLA_03284 or PAPLA_03783 or PAPLA_04099 or PAPLA_05346 or PAPLA_06410
r_1135	PAPLA_00042 or PAPLA_00630 or PAPLA_00685 or PAPLA_01743 or PAPLA_03284 or PAPLA_03783 or PAPLA_04099 or PAPLA_05346 or PAPLA_05481 or PAPLA_05589 or PAPLA_06410
r_1136	PAPLA_01185 or PAPLA_05646
r_1137	
r_1138	
r_1139	PAPLA_00042 or PAPLA_00685 or PAPLA_03284 or PAPLA_03783 or PAPLA_04099 or PAPLA_05346 or PAPLA_06410
r_1146	PAPLA_02604 or PAPLA_03544 or PAPLA_05298 or PAPLA_06204
r_1147	PAPLA_02604 or PAPLA_03544 or PAPLA_05298 or PAPLA_06204
r_1149	
r_1151	PAPLA_05460
r_1161	PAPLA_02604 or PAPLA_03544 or PAPLA_05298 or PAPLA_06204
r_1165	PAPLA_00431 or PAPLA_05966
r_1166	PAPLA_00042 or PAPLA_00165 or PAPLA_00630 or PAPLA_00685 or PAPLA_01056 or PAPLA_01743 or PAPLA_02101 or PAPLA_03284 or PAPLA_03783 or PAPLA_03867 or PAPLA_04099 or PAPLA_05346 or PAPLA_05481 or PAPLA_05589 or PAPLA_06410
r_1167	PAPLA_00954 or PAPLA_01059 or PAPLA_01771 or PAPLA_04693
r_1168	PAPLA_00364 or PAPLA_00768 or PAPLA_01952 or PAPLA_05368
r_1171	PAPLA_00630 or PAPLA_01743 or PAPLA_05481 or PAPLA_05589 or PAPLA_05952
r_1172	
r_1173	PAPLA_01080 or PAPLA_01390 or PAPLA_01763 or PAPLA_01769 or PAPLA_02034 or PAPLA_02843 or PAPLA_02910 or PAPLA_04133 or PAPLA_04196 or PAPLA_04673 or PAPLA_04715 or PAPLA_05196 or PAPLA_05696
r_1174	
r_1175	PAPLA_02744 or PAPLA_02831
r_1176	PAPLA_02058 or PAPLA_05347
r_1177	PAPLA_00061 or PAPLA_04658
r_1178	PAPLA_01111
r_1179	
r_1180	
r_1181	
r_1182	
r_1183	PAPLA_01080 or PAPLA_01390 or PAPLA_01763 or PAPLA_01769 or PAPLA_02034 or PAPLA_02843 or PAPLA_02910 or PAPLA_04133 or PAPLA_04196 or PAPLA_04673 or PAPLA_04715 or PAPLA_05196 or PAPLA_05696
r_1184	PAPLA_01080 or PAPLA_01390 or PAPLA_01763 or PAPLA_01769 or PAPLA_02034 or PAPLA_02843 or PAPLA_02910 or PAPLA_04133 or PAPLA_04196 or PAPLA_04673 or PAPLA_04715 or PAPLA_05196 or PAPLA_05696
r_1186	PAPLA_01080 or PAPLA_01390 or PAPLA_01763 or PAPLA_01769 or PAPLA_02034 or PAPLA_02843 or PAPLA_02910 or PAPLA_04133 or PAPLA_04196 or PAPLA_04673 or PAPLA_04715 or PAPLA_05196 or PAPLA_05696
r_1187	PAPLA_05626
r_1188	PAPLA_00822 or PAPLA_02896
r_1189	PAPLA_03694
r_1190	PAPLA_01080 or PAPLA_01390 or PAPLA_01763 or PAPLA_01769 or PAPLA_02034 or PAPLA_02843 or PAPLA_02910 or PAPLA_04133 or PAPLA_04196 or PAPLA_04673 or PAPLA_04715 or PAPLA_05196 or PAPLA_05696
r_1191	PAPLA_01390 or PAPLA_01763 or PAPLA_01769 or PAPLA_02843 or PAPLA_02910 or PAPLA_04133 or PAPLA_04196 or PAPLA_05696
r_1192	PAPLA_01080 or PAPLA_01390 or PAPLA_01763 or PAPLA_01769 or PAPLA_02034 or PAPLA_02843 or PAPLA_02910 or PAPLA_04133 or PAPLA_04196 or PAPLA_04673 or PAPLA_04715 or PAPLA_05196 or PAPLA_05696
r_1193	PAPLA_04340
r_1194	PAPLA_02744
r_1195	PAPLA_03694
r_1196	PAPLA_01080 or PAPLA_01390 or PAPLA_01763 or PAPLA_01769 or PAPLA_02034 or PAPLA_02843 or PAPLA_02910 or PAPLA_04133 or PAPLA_04196 or PAPLA_04673 or PAPLA_04715 or PAPLA_05196 or PAPLA_05696
r_1197	PAPLA_05626
r_1198	PAPLA_00822 or PAPLA_02896
r_1199	PAPLA_01080 or PAPLA_01390 or PAPLA_01763 or PAPLA_01769 or PAPLA_02034 or PAPLA_02843 or PAPLA_02910 or PAPLA_04133 or PAPLA_04196 or PAPLA_04673 or PAPLA_04715 or PAPLA_05196 or PAPLA_05696
r_1200	PAPLA_02406
r_1201	PAPLA_01080 or PAPLA_01390 or PAPLA_01763 or PAPLA_01769 or PAPLA_02034 or PAPLA_02843 or PAPLA_02910 or PAPLA_04133 or PAPLA_04196 or PAPLA_04673 or PAPLA_04715 or PAPLA_05196 or PAPLA_05696
r_1203	PAPLA_05626
r_1204	PAPLA_00822 or PAPLA_02896
r_1205	PAPLA_01080 or PAPLA_01390 or PAPLA_01763 or PAPLA_01769 or PAPLA_02034 or PAPLA_02843 or PAPLA_02910 or PAPLA_04133 or PAPLA_04196 or PAPLA_04673 or PAPLA_04715 or PAPLA_05196 or PAPLA_05696
r_1206	PAPLA_01185 or PAPLA_05646
r_1207	PAPLA_01185 or PAPLA_05646
r_1209	PAPLA_05626
r_1210	PAPLA_00822 or PAPLA_02896
r_1211	PAPLA_01080 or PAPLA_01390 or PAPLA_01763 or PAPLA_01769 or PAPLA_02034 or PAPLA_02843 or PAPLA_02910 or PAPLA_04133 or PAPLA_04196 or PAPLA_04673 or PAPLA_04715 or PAPLA_05196 or PAPLA_05696
r_1212	PAPLA_02406
r_1213	PAPLA_01080 or PAPLA_01390 or PAPLA_01763 or PAPLA_01769 or PAPLA_02034 or PAPLA_02843 or PAPLA_02910 or PAPLA_04133 or PAPLA_04196 or PAPLA_04673 or PAPLA_04715 or PAPLA_05196 or PAPLA_05696
r_1214	PAPLA_01080 or PAPLA_01390 or PAPLA_01763 or PAPLA_01769 or PAPLA_02034 or PAPLA_02843 or PAPLA_02910 or PAPLA_04133 or PAPLA_04196 or PAPLA_04673 or PAPLA_04715 or PAPLA_05196 or PAPLA_05696
r_1215	PAPLA_01080 or PAPLA_01390 or PAPLA_01763 or PAPLA_01769 or PAPLA_02034 or PAPLA_02843 or PAPLA_02910 or PAPLA_04133 or PAPLA_04196 or PAPLA_04673 or PAPLA_04715 or PAPLA_05196 or PAPLA_05696
r_1216	PAPLA_01080 or PAPLA_01390 or PAPLA_01763 or PAPLA_01769 or PAPLA_02034 or PAPLA_02843 or PAPLA_02910 or PAPLA_04133 or PAPLA_04196 or PAPLA_04673 or PAPLA_04715 or PAPLA_05196 or PAPLA_05696
r_1217	PAPLA_01080 or PAPLA_01390 or PAPLA_01763 or PAPLA_01769 or PAPLA_02034 or PAPLA_02843 or PAPLA_02910 or PAPLA_04133 or PAPLA_04196 or PAPLA_04673 or PAPLA_04715 or PAPLA_04930 or PAPLA_05196 or PAPLA_05696
r_1218	PAPLA_01080 or PAPLA_01390 or PAPLA_01763 or PAPLA_01769 or PAPLA_02034 or PAPLA_02843 or PAPLA_02910 or PAPLA_04133 or PAPLA_04196 or PAPLA_04673 or PAPLA_04715 or PAPLA_05196 or PAPLA_05696
r_1219	PAPLA_01080 or PAPLA_01390 or PAPLA_01763 or PAPLA_01769 or PAPLA_02034 or PAPLA_02843 or PAPLA_02910 or PAPLA_04133 or PAPLA_04196 or PAPLA_04673 or PAPLA_04715 or PAPLA_05196 or PAPLA_05696
r_1221	PAPLA_05626
r_1222	PAPLA_00822 or PAPLA_02896
r_1223	PAPLA_01080 or PAPLA_01390 or PAPLA_01763 or PAPLA_01769 or PAPLA_02034 or PAPLA_02843 or PAPLA_02910 or PAPLA_04133 or PAPLA_04196 or PAPLA_04673 or PAPLA_04715 or PAPLA_05196 or PAPLA_05696
r_1224	PAPLA_01080 or PAPLA_01390 or PAPLA_01763 or PAPLA_01769 or PAPLA_02034 or PAPLA_02843 or PAPLA_02910 or PAPLA_04133 or PAPLA_04196 or PAPLA_04673 or PAPLA_04715 or PAPLA_05196 or PAPLA_05696
r_1225	PAPLA_02604 or PAPLA_03544 or PAPLA_05298 or PAPLA_06204
r_1226	PAPLA_01182 or PAPLA_04711 or PAPLA_05348
r_1227	PAPLA_02063 or PAPLA_02072 or PAPLA_02106 or PAPLA_03506 or PAPLA_03983 or PAPLA_05228 or PAPLA_05685 or PAPLA_05688 or PAPLA_06043 or PAPLA_06057 or PAPLA_06363
r_1229	PAPLA_05460
r_1230	PAPLA_05460
r_1231	PAPLA_05460
r_1232	PAPLA_05460
r_1235	PAPLA_00034 or PAPLA_00767 or PAPLA_01072 or PAPLA_01748 or PAPLA_02651 or PAPLA_02863 or PAPLA_05232 or PAPLA_05247 or PAPLA_06041 or PAPLA_06049 or PAPLA_06188
r_1236	
r_1237	PAPLA_01220
r_1238	PAPLA_01080 or PAPLA_01390 or PAPLA_01763 or PAPLA_01769 or PAPLA_02034 or PAPLA_02843 or PAPLA_02910 or PAPLA_04133 or PAPLA_04196 or PAPLA_04673 or PAPLA_04715 or PAPLA_05196 or PAPLA_05696
r_1239	PAPLA_05563
r_1241	PAPLA_04134 or PAPLA_04994
r_1242	
r_1244	PAPLA_00193 or PAPLA_00731 or PAPLA_01465 or PAPLA_04157
r_1245	PAPLA_03237 or PAPLA_03752
r_1249	PAPLA_00727 or PAPLA_03325 or PAPLA_05446
r_1250	PAPLA_05136
r_1251	PAPLA_00248 or PAPLA_00387 or PAPLA_00729 or PAPLA_01378 or PAPLA_02050 or PAPLA_03541 or PAPLA_04028
r_1252	PAPLA_00248 or PAPLA_00387 or PAPLA_00729 or PAPLA_01378 or PAPLA_02050 or PAPLA_03541 or PAPLA_04028
r_1253	PAPLA_05347 or PAPLA_05844
r_1254	PAPLA_01185 or PAPLA_05646
r_1255	PAPLA_01080 or PAPLA_01769 or PAPLA_02843 or PAPLA_02910 or PAPLA_05196 or PAPLA_05696
r_1256	PAPLA_04941
r_1257	PAPLA_01080 or PAPLA_01769 or PAPLA_02843 or PAPLA_02910 or PAPLA_05196 or PAPLA_05696
r_1258	PAPLA_00533 or PAPLA_03325
r_1260	PAPLA_00248 or PAPLA_00387 or PAPLA_00729 or PAPLA_01080 or PAPLA_01378 or PAPLA_01390 or PAPLA_01763 or PAPLA_01769 or PAPLA_02034 or PAPLA_02050 or PAPLA_02843 or PAPLA_02910 or PAPLA_03541 or PAPLA_04028 or PAPLA_04133 or PAPLA_04196 or PAPLA_04673 or PAPLA_04715 or PAPLA_05196 or PAPLA_05696
r_1261	PAPLA_00248 or PAPLA_00387 or PAPLA_00729 or PAPLA_01378 or PAPLA_02050 or PAPLA_03541 or PAPLA_04028
r_1262	PAPLA_00248 or PAPLA_00387 or PAPLA_00729 or PAPLA_01378 or PAPLA_02050 or PAPLA_03541 or PAPLA_04028
r_1263	PAPLA_00248 or PAPLA_00387 or PAPLA_00729 or PAPLA_01378 or PAPLA_02050 or PAPLA_03541 or PAPLA_04028
r_1264	PAPLA_01182 or PAPLA_04711 or PAPLA_05348
r_1265	PAPLA_04932
r_1266	PAPLA_04579
r_1267	PAPLA_02742
r_1268	
r_1270	PAPLA_01773 or PAPLA_05484
r_1271	PAPLA_01661
r_1272	PAPLA_06030
r_1273	PAPLA_01018 or PAPLA_01020
r_1274	PAPLA_06030
r_1275	PAPLA_01214
r_1276	PAPLA_01214
r_1277	PAPLA_02778 or PAPLA_04872 or PAPLA_05427
r_1278	PAPLA_05298 or PAPLA_06204
r_1542	
r_1543	
r_1545	
r_1546	
r_1547	
r_1548	
r_1549	
r_1550	
r_1551	
r_1552	
r_1553	
r_1560	
r_1562	
r_1563	
r_1565	
r_1567	
r_1568	
r_1572	
r_1573	
r_1574	
r_1575	
r_1576	
r_1577	
r_1578	
r_1579	
r_1580	
r_1582	
r_1583	
r_1585	
r_1586	
r_1587	
r_1588	
r_1589	
r_1590	
r_1591	
r_1595	
r_1596	
r_1597	
r_1598	
r_1599	
r_1600	
r_1601	
r_1604	
r_1605	
r_1606	
r_1607	
r_1608	
r_1609	
r_1610	
r_1611	
r_1621	
r_1622	
r_1625	
r_1627	
r_1628	
r_1629	
r_1630	
r_1631	
r_1632	
r_1633	
r_1634	
r_1635	
r_1637	
r_1638	
r_1639	
r_1640	
r_1641	
r_1642	
r_1643	
r_1644	
r_1645	
r_1647	
r_1648	
r_1649	
r_1650	
r_1651	
r_1652	
r_1654	
r_1656	
r_1657	
r_1658	
r_1659	
r_1660	
r_1661	
r_1667	PAPLA_02552 or PAPLA_04423
r_1669	
r_1671	
r_1672	
r_1673	
r_1674	
r_1675	
r_1676	
r_1677	
r_1678	
r_1679	
r_1680	
r_1681	
r_1683	
r_1684	
r_1686	
r_1687	
r_1688	
r_1689	
r_1691	
r_1694	
r_1695	
r_1696	
r_1697	
r_1698	
r_1699	
r_1700	
r_1702	
r_1703	PAPLA_05891
r_1704	PAPLA_05891
r_1705	
r_1706	
r_1707	
r_1708	
r_1709	
r_1710	
r_1711	
r_1712	
r_1713	
r_1714	
r_1715	
r_1716	
r_1717	
r_1718	
r_1719	PAPLA_00165 or PAPLA_00685 or PAPLA_01056 or PAPLA_01755 or PAPLA_02101 or PAPLA_03018 or PAPLA_03284 or PAPLA_03783 or PAPLA_03867 or PAPLA_04099 or PAPLA_06410
r_1720	
r_1721	
r_1726	
r_1727	
r_1728	
r_1729	PAPLA_01917
r_1733	
r_1737	
r_1738	
r_1743	
r_1745	
r_1746	
r_1747	
r_1748	
r_1749	
r_1750	
r_1751	
r_1752	
r_1753	
r_1754	
r_1757	
r_1758	
r_1759	
r_1760	
r_1761	
r_1762	
r_1763	
r_1764	
r_1765	
r_1766	
r_1770	
r_1774	
r_1775	
r_1788	
r_1790	PAPLA_01619
r_1791	
r_1793	
r_1794	
r_1795	
r_1796	
r_1798	PAPLA_01185 or PAPLA_01186
r_1800	
r_1801	
r_1802	
r_1803	
r_1805	PAPLA_00061 or PAPLA_02943 or PAPLA_04658
r_1806	
r_1807	
r_1808	
r_1809	
r_1810	
r_1811	
r_1812	
r_1813	
r_1814	
r_1815	
r_1816	
r_1817	
r_1818	
r_1819	
r_1820	
r_1822	
r_1823	
r_1824	
r_1825	
r_1826	
r_1827	
r_1829	
r_1830	
r_1831	
r_1832	
r_1833	
r_1835	
r_1836	
r_1837	
r_1838	PAPLA_02473
r_1839	
r_1840	
r_1841	
r_1842	
r_1843	
r_1844	
r_1845	
r_1846	
r_1847	
r_1848	
r_1849	
r_1851	
r_1852	
r_1853	
r_1854	
r_1855	
r_1856	
r_1857	
r_1858	
r_1859	
r_1860	
r_1861	
r_1862	
r_1863	
r_1864	
r_1865	
r_1866	
r_1867	
r_1868	
r_1869	
r_1870	
r_1873	
r_1874	
r_1875	
r_1876	
r_1877	
r_1878	
r_1879	
r_1880	
r_1881	
r_1882	
r_1883	
r_1884	
r_1885	
r_1886	
r_1887	
r_1889	
r_1890	
r_1891	
r_1892	
r_1893	
r_1895	
r_1896	
r_1897	
r_1898	
r_1899	
r_1900	
r_1901	PAPLA_01185 or PAPLA_01186
r_1902	
r_1903	
r_1904	
r_1905	
r_1906	
r_1907	
r_1908	
r_1909	
r_1910	
r_1911	
r_1912	
r_1913	
r_1914	
r_1915	
r_1919	
r_1920	
r_1921	
r_1922	
r_1923	
r_1924	
r_1925	
r_1926	
r_1927	
r_1928	
r_1929	
r_1930	
r_1931	
r_1932	
r_1935	
r_1937	
r_1938	
r_1939	
r_1940	
r_1941	
r_1942	
r_1943	
r_1944	
r_1945	
r_1946	
r_1947	
r_1963	
r_1964	
r_1965	
r_1966	
r_1967	
r_1968	
r_1970	
r_1971	
r_1972	
r_1976	
r_1977	
r_1978	
r_1979	
r_1980	
r_1981	
r_1987	
r_1988	
r_1989	
r_1990	
r_1991	
r_1992	
r_1993	
r_1994	
r_1995	
r_1996	
r_1998	
r_1999	
r_2001	
r_2002	
r_2003	
r_2004	
r_2005	
r_2008	
r_2020	
r_2022	
r_2023	
r_2024	
r_2025	PAPLA_04554
r_2028	
r_2029	PAPLA_04554
r_2030	
r_2032	
r_2033	
r_2034	PAPLA_04356 and PAPLA_04625
r_2036	
r_2037	
r_2038	
r_2039	
r_2040	
r_2041	
r_2042	
r_2043	
r_2044	
r_2045	
r_2046	
r_2049	
r_2051	
r_2052	
r_2053	
r_2054	
r_2055	
r_2056	
r_2057	PAPLA_01185 or PAPLA_01186
r_2058	
r_2060	
r_2061	
r_2062	
r_2063	
r_2066	
r_2067	
r_2068	
r_2072	
r_2079	PAPLA_02063 or PAPLA_02072 or PAPLA_02106 or PAPLA_03506 or PAPLA_03983 or PAPLA_05228 or PAPLA_05685 or PAPLA_05688 or PAPLA_06043 or PAPLA_06057 or PAPLA_06363
r_2080	
r_2082	
r_2083	
r_2084	
r_2085	
r_2086	
r_2087	
r_2089	
r_2090	
r_2091	
r_2092	
r_2093	
r_2094	
r_2095	
r_2096	
r_2097	
r_2098	
r_2099	
r_2100	
r_2101	
r_2104	
r_2105	
r_2106	
r_2107	
r_2108	
r_2111	
r_2112	PAPLA_04670
r_2115	PAPLA_02635
r_2116	PAPLA_00036 or PAPLA_01760 or PAPLA_02435 or PAPLA_03515 or PAPLA_04152 or PAPLA_04722 or PAPLA_05667
r_2117	PAPLA_03757
r_2118	PAPLA_03757
r_2119	PAPLA_03757
r_2125	
r_2126	PAPLA_05868
r_2129	
r_2131	PAPLA_03860
r_2132	PAPLA_02831
r_2134	
r_2136	
r_2137	
r_2139	
r_2140	PAPLA_00121 and PAPLA_00120
r_2141	PAPLA_00121 and PAPLA_00120
r_2168	PAPLA_05164
r_2169	PAPLA_05164
r_2170	PAPLA_05164
r_2171	PAPLA_05164
r_2172	PAPLA_05164
r_2173	PAPLA_05164
r_2174	PAPLA_05164
r_2175	PAPLA_04901
r_2176	PAPLA_04901
r_2177	PAPLA_04901
r_2178	PAPLA_04901
r_2179	PAPLA_04901
r_2180	PAPLA_04901
r_2181	PAPLA_04901
r_2182	
r_2183	
r_2185	
r_2187	
r_2188	
r_2189	
r_2190	
r_2191	
r_2192	
r_2219	PAPLA_00910 and PAPLA_00910
r_2220	PAPLA_00910 and PAPLA_00910
r_2221	PAPLA_00910 and PAPLA_00910
r_2222	PAPLA_00910 and PAPLA_00910
r_2223	PAPLA_00910 and PAPLA_00910
r_2224	PAPLA_00910 and PAPLA_00910
r_2225	PAPLA_00910 and PAPLA_00910
r_2226	PAPLA_00910 and PAPLA_00910
r_2227	PAPLA_00910 and PAPLA_00910
r_2228	PAPLA_00910 and PAPLA_00910
r_2229	
r_2230	
r_2231	
r_2236	PAPLA_02012 or PAPLA_02013
r_2237	PAPLA_02012 or PAPLA_02013
r_2238	PAPLA_02012 or PAPLA_02013
r_2239	PAPLA_02012 or PAPLA_02013
r_2240	PAPLA_02012 or PAPLA_02013
r_2241	PAPLA_02012 or PAPLA_02013
r_2242	PAPLA_02012 or PAPLA_02013
r_2243	PAPLA_02012 or PAPLA_02013
r_2244	PAPLA_02012 or PAPLA_02013
r_2245	PAPLA_02012 or PAPLA_02013
r_2246	PAPLA_02012 or PAPLA_02013
r_2247	PAPLA_02012 or PAPLA_02013
r_2248	PAPLA_04129 or PAPLA_04130
r_2249	PAPLA_04129 or PAPLA_04130
r_2250	PAPLA_04129 or PAPLA_04130
r_2251	PAPLA_04129 or PAPLA_04130
r_2252	PAPLA_04129 or PAPLA_04130
r_2253	PAPLA_04129 or PAPLA_04130
r_2254	PAPLA_04129 or PAPLA_04130
r_2255	PAPLA_04129 or PAPLA_04130
r_2256	PAPLA_04129 or PAPLA_04130
r_2257	PAPLA_04129 or PAPLA_04130
r_2258	PAPLA_04129 or PAPLA_04130
r_2259	PAPLA_04129 or PAPLA_04130
r_2260	PAPLA_04129 or PAPLA_04130
r_2261	PAPLA_04129 or PAPLA_04130
r_2262	PAPLA_04129 or PAPLA_04130
r_2263	PAPLA_04129 or PAPLA_04130
r_2264	PAPLA_04129 or PAPLA_04130
r_2265	PAPLA_04129 or PAPLA_04130
r_2266	PAPLA_04129 or PAPLA_04130
r_2267	PAPLA_04129 or PAPLA_04130
r_2268	PAPLA_04129 or PAPLA_04130
r_2269	PAPLA_04129 or PAPLA_04130
r_2270	PAPLA_04129 or PAPLA_04130
r_2271	PAPLA_04129 or PAPLA_04130
r_2272	PAPLA_04129 or PAPLA_04130
r_2273	PAPLA_04129 or PAPLA_04130
r_2274	PAPLA_04129 or PAPLA_04130
r_2275	PAPLA_04129 or PAPLA_04130
r_2276	PAPLA_04129 or PAPLA_04130
r_2277	PAPLA_04129 or PAPLA_04130
r_2278	PAPLA_04129 or PAPLA_04130
r_2279	PAPLA_04129 or PAPLA_04130
r_2280	PAPLA_04129 or PAPLA_04130
r_2281	PAPLA_04129 or PAPLA_04130
r_2282	PAPLA_04129 or PAPLA_04130
r_2283	PAPLA_00899 or PAPLA_01492 or PAPLA_01644
r_2284	PAPLA_00899 or PAPLA_01492 or PAPLA_01644
r_2285	PAPLA_00899 or PAPLA_01492 or PAPLA_01644
r_2286	PAPLA_00899 or PAPLA_01492 or PAPLA_01644
r_2287	PAPLA_00899 or PAPLA_01492 or PAPLA_01644
r_2288	PAPLA_00899 or PAPLA_01492 or PAPLA_01644
r_2289	PAPLA_00899 or PAPLA_01492 or PAPLA_01644
r_2290	PAPLA_00899 or PAPLA_01492 or PAPLA_01644
r_2291	PAPLA_00899 or PAPLA_01492 or PAPLA_01644
r_2292	PAPLA_00899 or PAPLA_01492 or PAPLA_01644
r_2293	PAPLA_00899 or PAPLA_01492 or PAPLA_01644
r_2294	PAPLA_00899 or PAPLA_01492 or PAPLA_01644
r_2303	PAPLA_06105
r_2304	PAPLA_06105
r_2305	PAPLA_03150 or PAPLA_05623
r_2316	
r_2318	
r_2320	
r_2322	
r_2328	
r_2330	
r_2340	PAPLA_01612 or PAPLA_02926 or PAPLA_04498
r_2342	PAPLA_01612 or PAPLA_02926 or PAPLA_04498
r_2353	PAPLA_05340
r_2357	PAPLA_05340
r_2425	
r_2429	
r_2444	PAPLA_02551
r_2468	PAPLA_00279
r_2470	PAPLA_00279
r_2484	PAPLA_01262 or PAPLA_02654
r_2486	PAPLA_01262 or PAPLA_02654
r_2540	PAPLA_03226
r_2546	PAPLA_01052
r_2576	PAPLA_03081
r_2600	
r_2704	PAPLA_03750
r_2813	
r_2817	
r_2824	PAPLA_02367
r_2826	PAPLA_02367
r_2832	
r_2834	
r_2840	( PAPLA_00428 and PAPLA_02367 ) or PAPLA_02367
r_2842	( PAPLA_00428 and PAPLA_02367 ) or PAPLA_02367
r_2848	PAPLA_02367
r_2850	PAPLA_02367
r_2856	PAPLA_02262 and PAPLA_03964
r_2858	PAPLA_02262 and PAPLA_03964
r_2864	PAPLA_01574
r_2866	PAPLA_01574
r_2872	PAPLA_01574
r_2874	PAPLA_01574
r_2880	PAPLA_02729 or PAPLA_03129
r_2882	PAPLA_02729 or PAPLA_03129
r_3038	PAPLA_05497
r_3040	PAPLA_05497
r_3042	PAPLA_05497
r_3044	PAPLA_05497
r_3050	PAPLA_05497
r_3052	PAPLA_05497
r_3054	PAPLA_05497
r_3056	PAPLA_05497
r_3062	PAPLA_05497
r_3064	PAPLA_05497
r_3066	PAPLA_05497
r_3068	PAPLA_05497
r_3074	PAPLA_05497
r_3076	PAPLA_05497
r_3078	PAPLA_05497
r_3080	PAPLA_05497
r_3094	PAPLA_03893
r_3096	PAPLA_03893
r_3102	PAPLA_05717 or PAPLA_06220
r_3108	PAPLA_05089 or PAPLA_05090 or PAPLA_05214
r_3110	PAPLA_05089 or PAPLA_05090 or PAPLA_05214
r_3116	PAPLA_00633
r_3118	PAPLA_00633
r_3140	PAPLA_05592
r_3142	PAPLA_05592
r_3148	PAPLA_00633
r_3150	PAPLA_00633
r_3172	PAPLA_00633 or PAPLA_05592
r_3174	PAPLA_00633 or PAPLA_05592
r_3180	PAPLA_00633
r_3182	PAPLA_00633
r_3196	PAPLA_00633
r_3198	PAPLA_00633
r_3220	( PAPLA_03369 and PAPLA_05592 ) or ( PAPLA_03369 and PAPLA_00633 )
r_3222	( PAPLA_03369 and PAPLA_05592 ) or ( PAPLA_03369 and PAPLA_00633 )
r_3228	PAPLA_05340
r_3230	PAPLA_05340
r_3244	PAPLA_05340
r_3246	PAPLA_05340
r_3252	PAPLA_01472
r_3253	PAPLA_01472
r_3254	PAPLA_01472
r_3255	PAPLA_01472
r_3256	PAPLA_01472
r_3257	PAPLA_01472
r_3258	PAPLA_01472
r_3259	PAPLA_01472
r_3260	PAPLA_01472
r_3261	PAPLA_01472
r_3262	PAPLA_01472
r_3263	PAPLA_01472
r_3283	PAPLA_00532
r_3291	PAPLA_00532
r_3300	PAPLA_00532
r_3302	PAPLA_00532
r_3312	PAPLA_05298 or PAPLA_06204
r_3314	PAPLA_05298 or PAPLA_06204
r_3328	PAPLA_03757
r_3330	PAPLA_03757
r_3344	
r_3346	
r_3432	PAPLA_04603 and PAPLA_04219
r_3434	PAPLA_04603 and PAPLA_04219
r_3440	PAPLA_04603 and PAPLA_04219
r_3442	PAPLA_04603 and PAPLA_04219
r_3510	
r_3511	
r_3512	
r_3513	
r_3514	
r_3515	
r_3516	
r_3517	
r_3518	
r_3519	
r_3520	
r_3521	
r_3522	
r_3523	
r_3524	
r_3525	
r_3526	
r_3527	
r_3528	
r_3529	
r_3530	
r_3531	
r_3532	
r_3533	
r_3534	
r_3535	
r_3536	
r_3537	
r_3538	
r_3539	
r_3540	
r_3541	
r_3542	
r_3543	
r_3544	
r_3545	
r_3546	
r_3547	
r_3548	
r_3549	
r_3550	
r_3551	
r_3552	
r_3553	
r_3570	
r_3571	
r_3572	
r_3573	
r_3574	
r_3575	
r_3576	
r_3577	
r_3578	
r_3579	
r_3580	
r_3581	
r_3582	
r_3583	
r_3584	
r_3585	
r_3586	
r_3587	
r_3596	
r_3597	
r_3598	
r_3599	
r_3600	
r_3601	
r_3602	
r_3603	
r_3604	
r_3605	
r_3606	
r_3607	
r_3608	
r_3609	
r_3610	
r_3611	
r_3612	
r_3613	
r_3614	
r_3615	
r_3628	
r_3630	
r_3648	
r_3649	
r_3650	
r_3651	
r_3652	
r_3653	
r_3658	
r_3660	
r_3662	
r_3663	
r_3664	
r_3665	
r_3666	
r_3667	
r_3668	
r_3669	
r_3670	
r_3671	
r_3678	
r_3679	
r_3680	
r_3684	
r_3701	
r_3703	
r_3704	
r_3709	
r_3711	
r_3712	
r_3717	
r_3718	
r_3719	
r_3720	
r_3721	
r_3722	
r_3723	
r_3724	
r_3725	
r_3726	
r_3727	
r_3728	
r_3729	
r_3730	
r_3735	
r_3737	
r_3743	
r_3745	
r_3747	
r_3749	
r_3751	
r_3753	
r_3763	
r_3769	
r_3771	
r_3785	
r_3787	
r_3793	
r_3795	
r_3801	
r_3803	
r_3809	
r_3811	
r_3833	
r_3835	
r_3841	
r_3843	
r_3849	
r_3851	
r_3873	
r_3875	
r_3881	
r_3883	
r_3889	
r_3891	
r_3897	
r_3899	
r_3902	
r_3927	
r_3928	
r_3933	
r_3935	
r_3938	
r_3939	
r_3940	
r_3945	
r_3947	
r_3953	
r_3955	
r_3957	
r_3958	
r_3959	
r_3960	
r_3961	
r_3962	
r_3987	
r_3996	
r_4005	
r_4038	
r_4039	
r_4040	
r_4041	
r_4042	PAPLA_03678
r_4043	
r_4044	
r_4046	
r_4047	
r_4048	
r_4049	
r_4050	
r_4058	
r_4060	
r_4061	
r_4062	
r_4063	
r_4064	
r_4065	
r_4152	PAPLA_04635 or PAPLA_05879
r_4155	PAPLA_00435
r_4156	PAPLA_04495 or PAPLA_04925
r_4158	PAPLA_03631
r_4160	PAPLA_00737
r_4165	PAPLA_01662 or PAPLA_04047
r_4166	PAPLA_01662 or PAPLA_04047
r_4168	PAPLA_00061 or PAPLA_02943 or PAPLA_04658
r_4169	PAPLA_00061 or PAPLA_02943 or PAPLA_04658
r_4170	PAPLA_02162
r_4173	PAPLA_02703
r_4174	PAPLA_02604 or PAPLA_05298
r_4175	PAPLA_00225 or PAPLA_01066 or PAPLA_01108 or PAPLA_04672
r_4176	PAPLA_00225 or PAPLA_01066 or PAPLA_01108 or PAPLA_04672
r_4177	PAPLA_00225 or PAPLA_01066 or PAPLA_01108 or PAPLA_04672
r_4178	PAPLA_00225 or PAPLA_01066 or PAPLA_01108 or PAPLA_04672
r_4179	PAPLA_00225 or PAPLA_01066 or PAPLA_01108 or PAPLA_04672
r_4180	PAPLA_00225 or PAPLA_01066 or PAPLA_01108 or PAPLA_04672
r_4184	PAPLA_03009
r_4185	PAPLA_03009
r_4186	PAPLA_06381
r_4188	PAPLA_02023
r_4190	PAPLA_06310
r_4193	PAPLA_02639 or PAPLA_03102 or PAPLA_06356
r_4195	PAPLA_01012
r_4196	PAPLA_05529 or PAPLA_05609
r_4197	PAPLA_05529 or PAPLA_05609
r_4198	PAPLA_01049 or PAPLA_01076 or PAPLA_01615
r_4199	PAPLA_02528
r_4200	PAPLA_02318
r_4202	PAPLA_03212
r_4203	PAPLA_03154
r_4204	PAPLA_03154
r_4205	PAPLA_05383 or PAPLA_06045 or PAPLA_06046
r_4206	PAPLA_02126
r_4207	PAPLA_02318
r_4208	PAPLA_02318
r_4209	PAPLA_02318
r_4211	PAPLA_02127
r_4212	PAPLA_02216
r_4214	PAPLA_04279
r_4215	PAPLA_04279
r_4218	PAPLA_03939
r_4219	PAPLA_03939
r_4220	PAPLA_03899
r_4221	PAPLA_01165 or PAPLA_01206 or PAPLA_01756 or PAPLA_04370 or PAPLA_04664
r_4222	PAPLA_04097
r_4224	PAPLA_01471
r_4225	PAPLA_02604 or PAPLA_03108 or PAPLA_05298
r_4226	PAPLA_00451
r_4232	PAPLA_00948
r_4233	PAPLA_00537
r_4236	PAPLA_04795
r_4237	PAPLA_04675
r_4243	PAPLA_02546
r_4244	PAPLA_02546
r_4245	PAPLA_05316 or PAPLA_05317 or PAPLA_06091 or PAPLA_06365
r_4246	PAPLA_05316 or PAPLA_05317 or PAPLA_06091 or PAPLA_06365
r_4249	PAPLA_04821
r_4252	
r_4256	PAPLA_03717
r_4258	PAPLA_03717
r_4260	PAPLA_00778
r_4261	PAPLA_00778
r_4263	PAPLA_02334
r_4265	PAPLA_04480
r_4266	PAPLA_04480
r_4267	PAPLA_04480
r_4268	PAPLA_04480
r_4269	PAPLA_04480
r_4274	PAPLA_00550
r_4275	PAPLA_01625 or PAPLA_02817
r_4276	PAPLA_01625 or PAPLA_02817
r_4280	PAPLA_00440
r_4281	PAPLA_00440
r_4282	PAPLA_05436 or PAPLA_06276
r_4288	PAPLA_02149
r_4308	PAPLA_01713 or PAPLA_02617 or PAPLA_03043 or PAPLA_04537
r_4315	PAPLA_01749 or PAPLA_02044 or PAPLA_04094 or PAPLA_05559
r_4316	PAPLA_02258
r_4317	PAPLA_02719
r_4318	PAPLA_02719
r_4319	PAPLA_02719
r_4326	PAPLA_03218
r_4327	PAPLA_03853
r_4329	PAPLA_00679
r_4330	PAPLA_03003 or PAPLA_04650
r_4332	PAPLA_04619
r_4333	PAPLA_05027
r_4334	PAPLA_05831
r_4336	PAPLA_00778 or PAPLA_01082
r_4337	PAPLA_00035 or PAPLA_04854 or PAPLA_05306
r_4338	PAPLA_02719
r_4491	
r_4492	
t_0001	PAPLA_03314
t_0003	PAPLA_00048
t_0004	PAPLA_00048
t_0009	PAPLA_02653
t_0010	PAPLA_02653
t_0011	PAPLA_02653
t_0012	PAPLA_02653
t_0013	PAPLA_02653
t_0014	PAPLA_02653
t_0015	PAPLA_01511
t_0016	PAPLA_01511
t_0017	PAPLA_01511
t_0018	PAPLA_01511
t_0019	PAPLA_01511
t_0020	PAPLA_01511
t_0021	( PAPLA_02851 and PAPLA_05023 ) or ( PAPLA_01481 and PAPLA_05023 )
t_0022	( PAPLA_02851 and PAPLA_05023 ) or ( PAPLA_01481 and PAPLA_05023 )
t_0023	( PAPLA_02851 and PAPLA_05023 ) or ( PAPLA_01481 and PAPLA_05023 )
t_0024	( PAPLA_02851 and PAPLA_05023 ) or ( PAPLA_01481 and PAPLA_05023 )
t_0025	( PAPLA_02851 and PAPLA_05023 ) or ( PAPLA_01481 and PAPLA_05023 )
t_0026	( PAPLA_02851 and PAPLA_05023 ) or ( PAPLA_01481 and PAPLA_05023 )
t_0027	PAPLA_02854 or PAPLA_03244 or PAPLA_05699 or PAPLA_06238
t_0028	PAPLA_04204
t_0029	PAPLA_04204
t_0030	PAPLA_04204
t_0031	PAPLA_04204
t_0032	PAPLA_04204
t_0033	PAPLA_04204
t_0034	PAPLA_04204
t_0035	PAPLA_04204
t_0036	PAPLA_04204
t_0037	PAPLA_04204
t_0038	PAPLA_04204
t_0039	PAPLA_04204
t_0040	PAPLA_06102 or PAPLA_06333
t_0041	PAPLA_06102 or PAPLA_06333
t_0042	PAPLA_06102 or PAPLA_06333
t_0043	PAPLA_06102 or PAPLA_06333
t_0044	PAPLA_06102 or PAPLA_06333
t_0045	PAPLA_06102 or PAPLA_06333
t_0046	PAPLA_06102 or PAPLA_06333
t_0047	PAPLA_06102 or PAPLA_06333
t_0048	PAPLA_06102 or PAPLA_06333
t_0049	PAPLA_06102 or PAPLA_06333
t_0050	PAPLA_06102 or PAPLA_06333
t_0051	PAPLA_06102 or PAPLA_06333
t_0052	PAPLA_00899 or PAPLA_01492 or PAPLA_01644
t_0053	PAPLA_00899 or PAPLA_01492 or PAPLA_01644
t_0054	PAPLA_00899 or PAPLA_01492 or PAPLA_01644
t_0055	PAPLA_00899 or PAPLA_01492 or PAPLA_01644
t_0056	PAPLA_00899 or PAPLA_01492 or PAPLA_01644
t_0057	PAPLA_00899 or PAPLA_01492 or PAPLA_01644
t_0058	PAPLA_00899 or PAPLA_01492 or PAPLA_01644
t_0059	PAPLA_00899 or PAPLA_01492 or PAPLA_01644
t_0060	PAPLA_00899 or PAPLA_01492 or PAPLA_01644
t_0061	PAPLA_00899 or PAPLA_01492 or PAPLA_01644
t_0062	PAPLA_00899 or PAPLA_01492 or PAPLA_01644
t_0063	PAPLA_00899 or PAPLA_01492 or PAPLA_01644
t_0064	PAPLA_01180 or PAPLA_01624 or PAPLA_02177 or PAPLA_03421 or PAPLA_04942
t_0065	PAPLA_01180 or PAPLA_01624 or PAPLA_02177 or PAPLA_03421 or PAPLA_04942
t_0066	PAPLA_01180 or PAPLA_01624 or PAPLA_02177 or PAPLA_03421 or PAPLA_04942
t_0067	PAPLA_01180 or PAPLA_01624 or PAPLA_02177 or PAPLA_03421 or PAPLA_04942
t_0068	PAPLA_01180 or PAPLA_01624 or PAPLA_02177 or PAPLA_03421 or PAPLA_04942
t_0069	PAPLA_01180 or PAPLA_01624 or PAPLA_02177 or PAPLA_03421 or PAPLA_04942
t_0070	PAPLA_01180 or PAPLA_01624 or PAPLA_02177 or PAPLA_03421 or PAPLA_04942
t_0071	PAPLA_01180 or PAPLA_01624 or PAPLA_02177 or PAPLA_03421 or PAPLA_04942
t_0072	PAPLA_01180 or PAPLA_01624 or PAPLA_02177 or PAPLA_03421 or PAPLA_04942
t_0073	PAPLA_01180 or PAPLA_01624 or PAPLA_02177 or PAPLA_03421 or PAPLA_04942
t_0074	PAPLA_01180 or PAPLA_01624 or PAPLA_02177 or PAPLA_03421 or PAPLA_04942
t_0075	PAPLA_01180 or PAPLA_01624 or PAPLA_02177 or PAPLA_03421 or PAPLA_04942
t_0076	PAPLA_02012 or PAPLA_02013
t_0081	
t_0083	PAPLA_01612 or PAPLA_02926 or PAPLA_04498
t_0084	PAPLA_01612 or PAPLA_02926 or PAPLA_04498
t_0086	PAPLA_01612 or PAPLA_02926 or PAPLA_04498
t_0087	PAPLA_01612 or PAPLA_02926 or PAPLA_04498
t_0090	PAPLA_01612 or PAPLA_02926 or PAPLA_04498
t_0093	PAPLA_01612 or PAPLA_02926 or PAPLA_04498
t_0095	
t_0096	
t_0097	PAPLA_02551
t_0098	PAPLA_02551
t_0100	PAPLA_02551
t_0101	PAPLA_02551
t_0104	PAPLA_02551
t_0106	PAPLA_02551
t_0107	PAPLA_02551
t_0109	PAPLA_02595
t_0110	PAPLA_02595
t_0112	PAPLA_02595
t_0113	PAPLA_02595
t_0116	
t_0118	
t_0133	
t_0134	
t_0136	
t_0146	PAPLA_03081
t_0148	PAPLA_03081
t_0163	PAPLA_05258
t_0164	PAPLA_05258
t_0166	PAPLA_05258
t_0167	PAPLA_05258
t_0170	PAPLA_00532
t_0173	PAPLA_00532
t_0176	PAPLA_05340
t_0179	PAPLA_05340
t_0183	PAPLA_05949
t_0186	PAPLA_05949
t_0192	PAPLA_05949
t_0195	PAPLA_05949
t_0204	
t_0213	
t_0217	PAPLA_02784
t_0218	PAPLA_02784
t_0219	PAPLA_02595
t_0220	PAPLA_02595
t_0222	PAPLA_02595
t_0223	PAPLA_02595
t_0225	PAPLA_01188 or PAPLA_04263
t_0226	PAPLA_01188 or PAPLA_04263
t_0227	PAPLA_01188 or PAPLA_04263
t_0228	PAPLA_01188 or PAPLA_04263
t_0230	PAPLA_01188 or PAPLA_04263
t_0231	PAPLA_01188 or PAPLA_04263
t_0232	PAPLA_01188 or PAPLA_04263
t_0233	PAPLA_01188 or PAPLA_04263
t_0235	PAPLA_01188 or PAPLA_04263
t_0236	PAPLA_01188 or PAPLA_04263
t_0237	PAPLA_01188 or PAPLA_04263
t_0238	PAPLA_01188 or PAPLA_04263
t_0240	PAPLA_02784
t_0241	PAPLA_02784
t_0243	PAPLA_04603 and PAPLA_04219
t_0246	PAPLA_04603 and PAPLA_04219
t_0249	PAPLA_04603 and PAPLA_04219
t_0252	PAPLA_04603 and PAPLA_04219
t_0254	PAPLA_03331 or PAPLA_03332
t_0255	PAPLA_03331 or PAPLA_03332
t_0257	
t_0260	
t_0263	PAPLA_05298 or PAPLA_06204
t_0266	PAPLA_05298 or PAPLA_06204
t_0268	PAPLA_03755
t_0269	PAPLA_03755
t_0271	PAPLA_03755
t_0272	PAPLA_03755
t_0274	PAPLA_03769
t_0275	PAPLA_03769
t_0276	PAPLA_03750
t_0277	PAPLA_03750
t_0279	PAPLA_03750
t_0283	PAPLA_03750
t_0285	PAPLA_03750
t_0288	PAPLA_03750
t_0289	PAPLA_03750
t_0291	PAPLA_03750
t_0295	
t_0298	
t_0300	PAPLA_05530
t_0301	PAPLA_05530
t_0303	PAPLA_05530
t_0304	PAPLA_05530
t_0307	PAPLA_05340
t_0310	PAPLA_05340
t_0312	PAPLA_04447
t_0313	PAPLA_04447
t_0315	PAPLA_04447
t_0330	PAPLA_03331 or PAPLA_03332
t_0331	PAPLA_03331 or PAPLA_03332
t_0333	PAPLA_03331 or PAPLA_03332
t_0334	PAPLA_03331 or PAPLA_03332
t_0337	PAPLA_05497
t_0340	PAPLA_05497
t_0343	PAPLA_05089 or PAPLA_05090 or PAPLA_05214
t_0346	PAPLA_05089 or PAPLA_05090 or PAPLA_05214
t_0348	PAPLA_04447
t_0349	PAPLA_04447
t_0351	PAPLA_04447
t_0366	PAPLA_02901
t_0367	PAPLA_02901
t_0369	PAPLA_02901
t_0370	PAPLA_02901
t_0373	PAPLA_03757
t_0376	PAPLA_03757
t_0379	PAPLA_05497
t_0382	PAPLA_05497
t_0385	PAPLA_05717 or PAPLA_06220
t_0387	PAPLA_05717 or PAPLA_06220
t_0388	PAPLA_05717 or PAPLA_06220
t_0391	PAPLA_01052
t_0393	PAPLA_01052
t_0394	PAPLA_01052
t_0397	PAPLA_03226
t_0399	PAPLA_03226
t_0400	PAPLA_03226
t_0403	PAPLA_02262 and PAPLA_03964
t_0406	PAPLA_02262 and PAPLA_03964
t_0409	PAPLA_02367
t_0412	PAPLA_02367
t_0415	
t_0418	
t_0421	( PAPLA_00428 and PAPLA_02367 ) or PAPLA_02367
t_0424	( PAPLA_00428 and PAPLA_02367 ) or PAPLA_02367
t_0427	PAPLA_02367
t_0430	PAPLA_02367
t_0432	PAPLA_02901
t_0433	PAPLA_02901
t_0435	PAPLA_02901
t_0436	PAPLA_02901
t_0438	PAPLA_02901
t_0439	PAPLA_02901
t_0441	PAPLA_02901
t_0442	PAPLA_02901
t_0445	PAPLA_00633
t_0448	PAPLA_00633
t_0451	( PAPLA_03369 and PAPLA_05592 ) or ( PAPLA_03369 and PAPLA_00633 )
t_0454	( PAPLA_03369 and PAPLA_05592 ) or ( PAPLA_03369 and PAPLA_00633 )
t_0457	PAPLA_02729 or PAPLA_03129
t_0460	PAPLA_02729 or PAPLA_03129
t_0463	PAPLA_00633
t_0466	PAPLA_00633
t_0469	PAPLA_05592
t_0472	PAPLA_05592
t_0475	PAPLA_00633
t_0478	PAPLA_00633
t_0481	PAPLA_03893
t_0484	PAPLA_03893
t_0487	PAPLA_01574
t_0490	PAPLA_01574
t_0493	PAPLA_01574
t_0496	PAPLA_01574
t_0499	PAPLA_00633
t_0502	PAPLA_00633
t_0504	PAPLA_00633 or PAPLA_05592
t_0505	PAPLA_00633 or PAPLA_05592
t_0507	PAPLA_00633 or PAPLA_05592
t_0508	PAPLA_00633 or PAPLA_05592
t_0511	PAPLA_00633 or PAPLA_05592
t_0514	PAPLA_00633 or PAPLA_05592
t_0517	PAPLA_05497
t_0520	PAPLA_05497
t_0522	PAPLA_00854
t_0523	PAPLA_00854
t_0525	PAPLA_00854
t_0526	PAPLA_00854
t_0529	PAPLA_00279
t_0532	PAPLA_00279
t_0535	PAPLA_01262 or PAPLA_02654
t_0538	PAPLA_01262 or PAPLA_02654
t_0541	PAPLA_05497
t_0544	PAPLA_05497
t_0546	PAPLA_00682
t_0547	PAPLA_00682
t_0549	PAPLA_00682
t_0550	PAPLA_00682
t_0557	PAPLA_00532
t_0566	PAPLA_00532
t_0570	
t_0571	
t_0572	
t_0573	
t_0574	
t_0575	
t_0577	
t_0578	
t_0581	
t_0584	
t_0587	
t_0590	
t_0593	
t_0596	
t_0599	
t_0602	
t_0605	
t_0608	
t_0611	
t_0614	
t_0616	
t_0617	
t_0619	
t_0620	
t_0623	
t_0626	
t_0628	
t_0629	
t_0631	
t_0632	
t_0634	
t_0635	
t_0637	
t_0638	
t_0640	
t_0641	
t_0643	
t_0644	
t_0647	
t_0650	
t_0652	
t_0653	
t_0655	
t_0656	
t_0658	
t_0659	
t_0661	
t_0662	
t_0665	
t_0668	
t_0670	
t_0671	
t_0673	
t_0674	
t_0676	
t_0677	
t_0679	
t_0680	
t_0682	
t_0683	
t_0685	
t_0686	
t_0688	
t_0689	
t_0691	
t_0692	
t_0694	
t_0695	
t_0697	
t_0698	
t_0701	
t_0704	
t_0707	
t_0709	
t_0710	
t_0713	
t_0716	
t_0718	
t_0719	
t_0721	
t_0722	
t_0725	
t_0728	
t_0731	
t_0734	
t_0737	
t_0740	
t_0743	
t_0746	
t_0749	
t_0752	
t_0754	
t_0755	
t_0757	
t_0758	
t_0760	
t_0761	
t_0763	
t_0764	
t_0767	
t_0770	
t_0773	
t_0776	
t_0779	
t_0782	
t_0787	
t_0788	
t_0789	
t_0796	
t_0797	
t_0798	
t_0802	
t_0803	
t_0874	
t_0875	
t_0879	
t_0880	
t_0881	PAPLA_01206 or PAPLA_01756 or PAPLA_04370 or PAPLA_04664 or PAPLA_04803
t_0882	PAPLA_01438
t_0886	PAPLA_02551
t_0887	PAPLA_02551
t_0892	PAPLA_02551
t_0893	PAPLA_02551
t_0898	PAPLA_02595
t_0899	PAPLA_02595
t_0902	
t_0903	
t_0904	
t_0906	
t_0907	
t_0908	
t_0909	
t_0910	
t_0911	
t_0912	
t_0913	
t_0914	
t_0915	
t_0916	
t_0917	
t_0918	
t_0919	
t_0920	
t_0921	
t_0922	
t_0923	
t_0926	
t_0927	
t_0928	
t_0930	
t_0931	
t_0934	PAPLA_03081
t_0935	PAPLA_03081
t_0936	PAPLA_03081
t_0938	PAPLA_03081
t_0939	PAPLA_03081
t_0940	PAPLA_03081
t_0941	PAPLA_03081
t_0942	PAPLA_03081
t_0943	PAPLA_03081
t_0944	PAPLA_03081
t_0945	PAPLA_03081
t_0946	PAPLA_03081
t_0947	PAPLA_03081
t_0952	PAPLA_05258
t_0953	PAPLA_05258
t_0958	PAPLA_00532
t_0959	PAPLA_00532
t_0964	PAPLA_05340
t_0965	PAPLA_05340
t_0967	PAPLA_05949
t_0969	PAPLA_05949
t_0971	PAPLA_05949
t_0973	PAPLA_05949
t_0974	PAPLA_05949
t_0975	PAPLA_05949
t_0976	PAPLA_05949
t_0977	PAPLA_05949
t_0979	
t_0981	
t_0983	
t_0985	
t_0986	
t_0987	
t_0988	
t_0989	
t_0992	PAPLA_02784
t_0995	
t_1000	PAPLA_02595
t_1001	PAPLA_02595
t_1004	PAPLA_02784
t_1007	
t_1012	PAPLA_04603 and PAPLA_04219
t_1013	PAPLA_04603 and PAPLA_04219
t_1018	PAPLA_04603 and PAPLA_04219
t_1019	PAPLA_04603 and PAPLA_04219
t_1022	PAPLA_03331 or PAPLA_03332
t_1025	PAPLA_05497
t_1028	PAPLA_05497
t_1031	PAPLA_05497
t_1034	PAPLA_05497
t_1037	PAPLA_05340
t_1042	
t_1043	
t_1048	PAPLA_05298 or PAPLA_06204
t_1049	PAPLA_05298 or PAPLA_06204
t_1054	PAPLA_03755
t_1055	PAPLA_03755
t_1058	PAPLA_03769
t_1063	
t_1064	
t_1069	PAPLA_05530
t_1070	PAPLA_05530
t_1075	PAPLA_05340
t_1076	PAPLA_05340
t_1079	PAPLA_04447
t_1080	PAPLA_04447
t_1081	PAPLA_04447
t_1083	PAPLA_04447
t_1084	PAPLA_04447
t_1085	PAPLA_04447
t_1086	PAPLA_04447
t_1087	PAPLA_04447
t_1088	PAPLA_04447
t_1089	PAPLA_04447
t_1090	PAPLA_04447
t_1091	PAPLA_04447
t_1092	PAPLA_04447
t_1097	PAPLA_03331 or PAPLA_03332
t_1098	PAPLA_03331 or PAPLA_03332
t_1103	PAPLA_05497
t_1104	PAPLA_05497
t_1109	PAPLA_05089 or PAPLA_05090 or PAPLA_05214
t_1110	PAPLA_05089 or PAPLA_05090 or PAPLA_05214
t_1113	PAPLA_04447
t_1114	PAPLA_04447
t_1115	PAPLA_04447
t_1117	PAPLA_04447
t_1118	PAPLA_04447
t_1119	PAPLA_04447
t_1120	PAPLA_04447
t_1121	PAPLA_04447
t_1122	PAPLA_04447
t_1123	PAPLA_04447
t_1124	PAPLA_04447
t_1125	PAPLA_04447
t_1126	PAPLA_04447
t_1131	PAPLA_02901
t_1132	PAPLA_02901
t_1137	PAPLA_03757
t_1138	PAPLA_03757
t_1143	PAPLA_05497
t_1144	PAPLA_05497
t_1149	PAPLA_05717 or PAPLA_06220
t_1150	PAPLA_05717 or PAPLA_06220
t_1155	PAPLA_01052
t_1156	PAPLA_01052
t_1161	PAPLA_03226
t_1162	PAPLA_03226
t_1167	PAPLA_02262 and PAPLA_03964
t_1168	PAPLA_02262 and PAPLA_03964
t_1173	PAPLA_02367
t_1174	PAPLA_02367
t_1179	
t_1180	
t_1185	( PAPLA_00428 and PAPLA_02367 ) or PAPLA_02367
t_1186	( PAPLA_00428 and PAPLA_02367 ) or PAPLA_02367
t_1191	PAPLA_02367
t_1192	PAPLA_02367
t_1197	PAPLA_02901
t_1198	PAPLA_02901
t_1203	PAPLA_02901
t_1204	PAPLA_02901
t_1209	PAPLA_00633
t_1210	PAPLA_00633
t_1215	( PAPLA_03369 and PAPLA_05592 ) or ( PAPLA_03369 and PAPLA_00633 )
t_1216	( PAPLA_03369 and PAPLA_05592 ) or ( PAPLA_03369 and PAPLA_00633 )
t_1221	PAPLA_02729 or PAPLA_03129
t_1222	PAPLA_02729 or PAPLA_03129
t_1227	PAPLA_00633
t_1228	PAPLA_00633
t_1233	PAPLA_05592
t_1234	PAPLA_05592
t_1239	PAPLA_00633
t_1240	PAPLA_00633
t_1245	PAPLA_03893
t_1246	PAPLA_03893
t_1251	PAPLA_01574
t_1252	PAPLA_01574
t_1257	PAPLA_01574
t_1258	PAPLA_01574
t_1263	PAPLA_00633
t_1264	PAPLA_00633
t_1269	PAPLA_00633 or PAPLA_05592
t_1270	PAPLA_00633 or PAPLA_05592
t_1275	PAPLA_00633 or PAPLA_05592
t_1276	PAPLA_00633 or PAPLA_05592
t_1281	PAPLA_05497
t_1282	PAPLA_05497
t_1287	PAPLA_00854
t_1288	PAPLA_00854
t_1293	PAPLA_00279
t_1294	PAPLA_00279
t_1299	PAPLA_01262 or PAPLA_02654
t_1300	PAPLA_01262 or PAPLA_02654
t_1305	PAPLA_05497
t_1306	PAPLA_05497
t_1311	PAPLA_00682
t_1312	PAPLA_00682
t_1314	PAPLA_00532
t_1316	PAPLA_00532
t_1318	PAPLA_00532
t_1320	PAPLA_00532
t_1321	PAPLA_00532
t_1322	PAPLA_00532
t_1323	PAPLA_00532
t_1324	PAPLA_00532
t_1325	
t_1326	
t_1327	
t_1328	
t_1329	
t_1330	
t_1331	
t_1332	
t_1333	
t_1334	
t_1335	
t_1336	
t_1337	
t_1338	
t_1339	
t_1340	
t_1341	
t_1342	
t_1343	
t_1344	
t_1345	
t_1346	
t_1347	
t_1348	
t_1349	
t_1350	
t_1351	
t_1352	
t_1353	
t_1354	
t_1355	
t_1356	
t_1357	
t_1358	
t_1359	
t_1360	
t_1361	
t_1362	
t_1363	
t_1364	
t_1365	
t_1366	
t_1367	
t_1368	
t_1369	
t_1370	
t_1371	
t_1372	
t_1373	
t_1374	
t_1375	
t_1376	
t_1377	
t_1378	
t_1379	
t_1380	
t_1381	
y200001	PAPLA_04906
y200002	PAPLA_01438 or PAPLA_04129
y200003	PAPLA_01142 and PAPLA_01142
y200008	PAPLA_00550
y200015	PAPLA_02884
y200016	PAPLA_02884
y200017	PAPLA_04775
y200019	PAPLA_00737
y200020	PAPLA_00211
y200021	PAPLA_00211
y200022	PAPLA_00418 or PAPLA_04844
y200023	PAPLA_00418 or PAPLA_04844
y200024	PAPLA_00418 or PAPLA_04844
y200025	PAPLA_00418 or PAPLA_04844
y200026	PAPLA_00418 or PAPLA_04844
y200027	PAPLA_00418 or PAPLA_04844
y200028	PAPLA_00418 or PAPLA_04844
y200029	PAPLA_00418 or PAPLA_04844
y200030	PAPLA_00418 or PAPLA_04844
y200031	PAPLA_00418 or PAPLA_04844
y200032	PAPLA_00418 or PAPLA_04844
y200033	PAPLA_00418 or PAPLA_04844
y200034	PAPLA_00418 or PAPLA_04844
y200035	PAPLA_00418 or PAPLA_04844
y200036	PAPLA_00418 or PAPLA_04844
y300001	PAPLA_02604 or PAPLA_03544 or PAPLA_05298 or PAPLA_06204
y300002	PAPLA_02604 or PAPLA_03544 or PAPLA_05298 or PAPLA_06204
y300004	PAPLA_02635 or PAPLA_04110 or PAPLA_04347
y300006	PAPLA_02635 or PAPLA_04110 or PAPLA_04347
y300008	PAPLA_02635 or PAPLA_04110 or PAPLA_04347
y300009	
y300014	PAPLA_00910 and PAPLA_00910
y300017	PAPLA_04398
y300021	PAPLA_02604 or PAPLA_03544 or PAPLA_05298 or PAPLA_06204
y300025	PAPLA_02635 or PAPLA_04110 or PAPLA_04347 or PAPLA_05275
y300026	PAPLA_02635 or PAPLA_04110 or PAPLA_04347
y300031	PAPLA_05190
y300032	PAPLA_06113
y300040	PAPLA_01202 or PAPLA_02343
y300044	( PAPLA_05058 and PAPLA_02484 and PAPLA_04542 ) or ( PAPLA_05058 and PAPLA_02484 and PAPLA_04816 )
y300045	( PAPLA_05058 and PAPLA_02484 and PAPLA_04542 ) or ( PAPLA_05058 and PAPLA_02484 and PAPLA_04816 )
y300046	( PAPLA_05058 and PAPLA_02484 and PAPLA_04542 ) or ( PAPLA_05058 and PAPLA_02484 and PAPLA_04816 )
y300048	PAPLA_04166 or PAPLA_05598 or PAPLA_05918
y300050	PAPLA_00944
y300051	PAPLA_04942
y300052	( PAPLA_03721 and PAPLA_03685 and PAPLA_02484 ) or ( PAPLA_01932 and PAPLA_03685 and PAPLA_02484 )
y300054	PAPLA_04204 or PAPLA_04485
y300055	PAPLA_06102 or PAPLA_06333
y300056	PAPLA_00291 or PAPLA_00872 or PAPLA_02750 or PAPLA_04198
y300058	PAPLA_05383 or PAPLA_06045 or PAPLA_06046
y300059	PAPLA_02254
y300060	PAPLA_04480
y300061	PAPLA_06334
y300062	PAPLA_05806
y300063	PAPLA_02433 or PAPLA_04959
y300065	PAPLA_04226
y300066	PAPLA_04226
y300067	PAPLA_02126
y300068	PAPLA_00968
y300069	PAPLA_04480
y300070	PAPLA_04480
y300072	PAPLA_01860 or PAPLA_03777
y300073	PAPLA_03027
y300074	PAPLA_05894
y300075	PAPLA_05894
y300078	PAPLA_04480
