metabolite,metID,pseudoreaction,coeff
dAMP,s_0584,DNA,-0.001224592101545
dCMP,s_0589,DNA,-0.001136326742393
dGMP,s_0615,DNA,-0.001284285953642
dTMP,s_0649,DNA,-0.001191315142264
DNA,s_3720,DNA,1
AMP,s_0423,RNA,-0.003834184273085
CMP,s_0526,RNA,-0.003819947826779
GMP,s_0782,RNA,-0.003832271914626
UMP,s_1545,RNA,-0.003830029025076
RNA,s_3719,RNA,1
tRNA(Ala),s_1582,AA,0.160256845751475
tRNA(Arg),s_1583,AA,0.153952247830502
tRNA(Asn),s_1585,AA,0.127877600943231
tRNA(Asp),s_1587,AA,0.149515566064945
tRNA(Cys),s_1589,AA,0.058328957662282
tRNA(Gln),s_1590,AA,0.137683398966281
tRNA(Glu),s_1591,AA,0.148756820350918
tRNA(Gly),s_1593,AA,0.156874485339546
tRNA(His),s_1594,AA,0.111267468866274
tRNA(Ile),s_1596,AA,0.142836166044272
tRNA(Leu),s_1598,AA,0.158245712533571
tRNA(Lys),s_1600,AA,0.139990107823785
tRNA(Met),s_1602,AA,0.109256335648371
tRNA(Phe),s_1604,AA,0.128901450581436
tRNA(Pro),s_1606,AA,0.150585123276285
tRNA(Ser),s_1607,AA,0.157557051765017
tRNA(Thr),s_1608,AA,0.152440850745532
tRNA(Trp),s_1610,AA,0.08170990490618
tRNA(Tyr),s_1612,AA,0.11251985637015
tRNA(Val),s_1614,AA,0.154512927394281
Ala-tRNA(Ala),s_0404,AA,-0.160256845751475
Arg-tRNA(Arg),s_0428,AA,-0.153952247830502
Asn-tRNA(Asn),s_0430,AA,-0.127877600943231
Asp-tRNA(Asp),s_0432,AA,-0.149515566064945
Cys-tRNA(Cys),s_0542,AA,-0.058328957662282
Gln-tRNA(Gln),s_0747,AA,-0.137683398966281
Glu-tRNA(Glu),s_0748,AA,-0.148756820350918
Gly-tRNA(Gly),s_0757,AA,-0.156874485339546
His-tRNA(His),s_0832,AA,-0.111267468866274
Ile-tRNA(Ile),s_0847,AA,-0.142836166044272
Leu-tRNA(Leu),s_1077,AA,-0.158245712533571
Lys-tRNA(Lys),s_1099,AA,-0.139990107823785
Met-tRNA(Met),s_1148,AA,-0.109256335648371
Phe-tRNA(Phe),s_1314,AA,-0.128901450581436
Pro-tRNA(Pro),s_1379,AA,-0.150585123276285
Ser-tRNA(Ser),s_1428,AA,-0.157557051765017
Thr-tRNA(Thr),s_1491,AA,-0.152440850745532
Trp-tRNA(Trp),s_1527,AA,-0.08170990490618
Tyr-tRNA(Tyr),s_1533,AA,-0.11251985637015
Val-tRNA(Val),s_1561,AA,-0.154512927394281
protein,s_3717,AA,1
phosphatidyl-L-serine backbone,s_3710,backbone,-0.003722264186429
phosphatidylethanolamine backbone,s_1351,backbone,-0.001134552392897
1-phosphatidyl-1D-myo-inositol backbone,s_0089,backbone,-0.000940279612175
phosphatidylcholine backbone,s_1346,backbone,-0.001468701179012
triglyceride backbone,s_1524,backbone,-0.1314369952
ergosterol,s_0666,backbone,-0.0117432007
fatty acid backbone,s_0694,backbone,-0.021532217
cardiolipin,s_3738,backbone,-0.000170959929486
1-monoglyceride backbone,m_0100,backbone,0
diglyceride backbone,s_3733,backbone,-0.008866207
phosphatidylglycerol backbone, s_3737, backbone,0
lipid backbone,s_3746,backbone,1
C16:0 chain,s_3740,chain,-0.03026800618238
C18:0 chain,s_3742,chain,-0.010671921689851
C18:1 chain,s_3743,chain,-0.056418186501803
C18:2 chain,m_0102,chain,-0.031141885625966
lipid chain,s_3747,chain,1
glycogen,s_0773,carbohydrate,-0.62544404973357
mannan,s_1107,carbohydrate,-0.051065719360568
trehalose,s_1520,carbohydrate,-0.20596209128941
(1->3)-beta-D-glucan,s_0001,carbohydrate,-0.093527975133215
(1->6)-beta-D-glucan,s_0004,carbohydrate,-0.093527975133215
carbohydrate,s_3718,carbohydrate,1
